[
   {
      "endDate" : "2018-10-15T15:00:00",
      "maxClientVersion" : "65535.65535.65535",
      "minClientVersion" : "1.6.0",
      "priority" : 1000,
      "requiredTreatmentTag" : "mc-rp-playbig",
      "startDate" : "2018-09-05T15:00:00",
      "type" : "resources",
      "uuid" : "45889b11-460e-424c-9058-7f14e99421c1",
      "version" : "1.0.0"
   },
   {
      "maxClientVersion" : "1.13.9",
      "minClientVersion" : "1.12.0",
      "priority" : 1000,
      "requiredTreatmentTag" : "mc-rp-icemonster",
      "type" : "resources",
      "uuid" : "95d7b9aa-d2d4-4ab1-a8aa-96b06257346e",
      "version" : "1.0.0"
   },
   {
      "endDate" : "2019-09-29T15:00:00",
      "maxClientVersion" : "1.13.9",
      "minClientVersion" : "1.10.0",
      "priority" : 1000,
      "requiredTreatmentTag" : "mc-trial-gametipsnew-abtest2",
      "startDate" : "2019-05-08T15:00:00",
      "type" : "resources",
      "uuid" : "aeddad12-2861-4925-9e84-40763aa7c398",
      "version" : "1.0.0"
   }
]
