{
	"format_version": "1.16.100",
	"minecraft:block": {
		"description": {
			"identifier": "fb:bonnie_stand_up",
			"properties": {
				"p:facing": [
					0,
					1,
					2,
					3
				]
			}
		},
		"components": {
			"minecraft:material_instances": {
				"*": {
					"texture": "bonniestand",
					"render_method": "alpha_test",
					"ambient_occlusion": false,
					"face_dimming": false
				}
			},
			"minecraft:geometry": "geometry.bonnie_stand_2",
			"minecraft:block_light_absorption": 0,
			"minecraft:block_light_emission": 0,
			"minecraft:pick_collision": {
				"origin": [
					-5,
					0,
					-5
				],
				"size": [
					10,
					16,
					10
				]
			},
			"minecraft:entity_collision": {
				"origin": [
					0,
					0,
					0
				],
				"size": [
					0,
					0,
					0
				]
			},
			"minecraft:on_placed": {
				"event": "e:set.facing"
			},
			"minecraft:on_player_destroyed": {
				"event": "destroy"
			},
			"minecraft:explosion_resistance": 0.1,
			"minecraft:loot": "loot_tables/empty.json",
			"minecraft:placement_filter": {
				"conditions": [
					{
						"allowed_faces": [
							"up"
						]
					}
				]
			},
			"minecraft:breathability": "air"
		},
		"permutations": [
			{
				"condition": "q.block_property('p:facing') == 0",
				"components": {
					"minecraft:rotation": [
						0,
						180,
						0
					]
				}
			},
			{
				"condition": "q.block_property('p:facing') == 1",
				"components": {
					"minecraft:rotation": [
						0,
						0,
						0
					]
				}
			},
			{
				"condition": "q.block_property('p:facing') == 2",
				"components": {
					"minecraft:rotation": [
						0,
						270,
						0
					]
				}
			},
			{
				"condition": "q.block_property('p:facing') == 3",
				"components": {
					"minecraft:rotation": [
						0,
						90,
						0
					]
				}
			}
		],
		"events": {
			"e:set.facing": {
				"set_block_property": {
					"p:facing": "q.cardinal_facing_2d-2"
				}
			},
			"destroy": {
				"set_block_at_pos": {
					"block_type": "minecraft:air",
					"block_offset": [
						0,
						-1,
						0
					]
				}
			}
		}
	}
}