{
	"format_version": "1.16.100",
	"minecraft:block": {
		"description": {
			"identifier": "fb:camera",
			"properties": {
				"fb:directions": [
					0,
					1,
					2,
					3
				]
			}
		},
		"permutations": [
			{
				"condition": "query.block_property('fb:directions') == 0",
				"components": {
					"minecraft:rotation": [
						0,
						180,
						0
					]
				}
			},
			{
				"condition": "query.block_property('fb:directions') == 1",
				"components": {
					"minecraft:rotation": [
						0,
						0,
						0
					]
				}
			},
			{
				"condition": "query.block_property('fb:directions') == 2",
				"components": {
					"minecraft:rotation": [
						0,
						270,
						0
					]
				}
			},
			{
				"condition": "query.block_property('fb:directions') == 3",
				"components": {
					"minecraft:rotation": [
						0,
						90,
						0
					]
				}
			}
		],
		"components": {
			"minecraft:creative_category": {
				"category": "construction",
				"group": "itemGroup.name.Construction"
			},
			"minecraft:explosion_resistance": 100000,
			"minecraft:on_placed": {
				"event": "camera_entity"
			},
			"minecraft:block_light_filter": 0,
			"minecraft:destroy_time": 100000,
			"minecraft:geometry": "geometry.camera_wall",
			"minecraft:material_instances": {
				"*": {
					"texture": "h_camera",
					"render_method": "opaque"
				}
			},
			"minecraft:on_player_placing": {
				"event": "fb:placed"
			},
			"minecraft:pick_collision": {
				"origin": [
					-4,
					3,
					3
				],
				"size": [
					8,
					8,
					5
				]
			},
			"minecraft:entity_collision": {
				"origin": [
					-8,
					0,
					-8
				],
				"size": [
					0,
					0,
					0
				]
			},
			"minecraft:on_interact": {
				"condition": "query.block_property('fb:screens')==0",
				"event": "fb:success_data"
			}
		},
		"events": {
			"fb:placed": {
				"set_block_property": {
					"fb:directions": "query.cardinal_facing_2d-2"
				}
			},
			"camera_entity": {
				"run_command": {
					"command": [
						"summon fb:camera_entity_testing ~ ~-0.5 ~"
					]
				}
			}
		}
	}
}