{
	"format_version": "1.17.0",
	"minecraft:block": {
		"description": {
			"identifier": "fb:camera_ready"
		},
		"components": {
			"minecraft:loot": "loot_tables/empty.json",
			"minecraft:destroy_time": 100000000000,
			"minecraft:block_light_filter": 0,
			"minecraft:block_light_emission": 0,
			"minecraft:geometry": "geometry.camera_wall",
			"minecraft:material_instances": {
				"*": {
					"texture": "h_camera",
					"ambient_occlusion": true,
					"face_dimming": true,
					"render_method": "blend"
				}
			}
		}
	}
}