{
	"format_version": "1.20.10",
	"minecraft:block": {
		"description": {
			"identifier": "fb:fb2_desk",
			"properties": {
				"fb:office_desk_connect": [
					0,
					1,
					2,
					3,
					4
				],
				"fb:rotation": [
					0,
					1,
					2,
					3
				]
			},
			"menu_category": {
				"category": "construction",
				"group": "construction"
			}
		},
		"components": {
			"minecraft:geometry": {
				"identifier": "geometry.fb2_desk",
				"bone_visibility": {
					"couch": "query.block_property('fb:office_desk_connect') == 0",
					"couch_corner": "query.block_property('fb:office_desk_connect') == 1",
					"couch_middle": "query.block_property('fb:office_desk_connect') == 2",
					"couch_left": "query.block_property('fb:office_desk_connect') == 3",
					"couch_right": "query.block_property('fb:office_desk_connect') == 4"
				}
			},
			"minecraft:map_color": "#00ff00",
			"minecraft:material_instances": {
				"*": {
					"texture": "fb2_desk",
					"render_method": "alpha_test"
				}
			},
			"minecraft:flammable": {
				"flame_odds": 0,
				"burn_odds": 0
			},
			"minecraft:queued_ticking": {
				"looping": true,
				"interval_range": [
					0,
					0
				],
				"on_tick": {
					"event": "fb:office_desk_connect"
				}
			},
			"minecraft:on_player_placing": {
				"event": "rotation"
			},
			"minecraft:on_placed": {
				"event": "sit"
			},
			"minecraft:destructible_by_mining": {
				"seconds_to_destroy": 0.5
			},
			"minecraft:destructible_by_explosion": {
				"explosion_resistance": 10
			}
		},
		"permutations": [
			{
				"condition": "query.block_property('fb:rotation') == 0",
				"components": {
					"tag:office_desk_connect0": {},
					"minecraft:transformation": {
						"rotation": [
							0,
							180,
							0
						]
					}
				}
			},
			{
				"condition": "query.block_property('fb:rotation') == 1",
				"components": {
					"tag:office_desk_connect1": {},
					"minecraft:transformation": {
						"rotation": [
							0,
							0,
							0
						]
					}
				}
			},
			{
				"condition": "query.block_property('fb:rotation') == 2",
				"components": {
					"tag:office_desk_connect2": {},
					"minecraft:transformation": {
						"rotation": [
							0,
							270,
							0
						]
					}
				}
			},
			{
				"condition": "query.block_property('fb:rotation') == 3",
				"components": {
					"tag:office_desk_connect3": {},
					"minecraft:transformation": {
						"rotation": [
							0,
							90,
							0
						]
					}
				}
			},
			{
				"condition": "query.block_property('fb:office_desk_connect') == 1",
				"components": {
					"minecraft:on_placed": {
						"event": "event:nothing"
					},
					"tag:desk_corner": {}
				}
			},
			{
				"condition": "query.block_property('fb:office_desk_connect') == 2",
				"components": {
					"tag:couch_middle": {},
					"minecraft:on_placed": {
						"event": "event:nothing"
					}
				}
			},
			{
				"condition": "query.block_property('fb:office_desk_connect') == 3",
				"components": {
					"tag:couch_left": {},
					"minecraft:on_placed": {
						"event": "event:nothing"
					}
				}
			},
			{
				"condition": "query.block_property('fb:office_desk_connect') == 4",
				"components": {
					"tag:couch_right": {},
					"minecraft:on_placed": {
						"event": "event:nothing"
					}
				}
			}
		],
		"events": {
			"fb:office_desk_connect": {
				"sequence": [
					{
						"condition": "query.block_property('fb:rotation')==0&&query.block_neighbor_has_any_tag(1,0,0,'office_desk_connect0')",
						"set_block_property": {
							"fb:office_desk_connect": 4
						}
					},
					{
						"condition": "query.block_property('fb:rotation')==0&&query.block_neighbor_has_any_tag(-1,0,0,'office_desk_connect0')",
						"set_block_property": {
							"fb:office_desk_connect": 3
						}
					},
					{
						"condition": "query.block_property('fb:rotation')==0&&query.block_neighbor_has_any_tag(1,0,0,'desk_corner')",
						"set_block_property": {
							"fb:office_desk_connect": 4
						}
					},
					{
						"condition": "query.block_property('fb:rotation')==0&&query.block_neighbor_has_any_tag(-1,0,0,'desk_corner')",
						"set_block_property": {
							"fb:office_desk_connect": 3
						}
					},
					{
						"condition": "query.block_property('fb:rotation')==0&&query.block_neighbor_has_any_tag(-1,0,0,'office_desk_connect0')&&query.block_neighbor_has_any_tag(1,0,0,'office_desk_connect0')",
						"set_block_property": {
							"fb:office_desk_connect": 2
						}
					},
					{
						"condition": "query.block_property('fb:rotation')==0&&query.block_neighbor_has_any_tag(-1,0,0,'desk_corner')&&query.block_neighbor_has_any_tag(1,0,0,'office_desk_connect0')",
						"set_block_property": {
							"fb:office_desk_connect": 2
						}
					},
					{
						"condition": "query.block_property('fb:office_desk_connect')==4&&query.block_property('fb:rotation')==0&&!query.block_neighbor_has_any_tag(1,0,0,'office_desk_connect0')&&!query.block_neighbor_has_any_tag(1,0,0,'desk_corner')",
						"set_block_property": {
							"fb:office_desk_connect": 0
						}
					},
					{
						"condition": "query.block_property('fb:office_desk_connect')==3&&query.block_property('fb:rotation')==0&&!query.block_neighbor_has_any_tag(-1,0,0,'office_desk_connect0')&&!query.block_neighbor_has_any_tag(-1,0,0,'desk_corner')",
						"set_block_property": {
							"fb:office_desk_connect": 0
						}
					},
					{
						"condition": "query.block_property('fb:rotation')==1&&query.block_neighbor_has_any_tag(-1,0,0,'office_desk_connect1')",
						"set_block_property": {
							"fb:office_desk_connect": 4
						}
					},
					{
						"condition": "query.block_property('fb:rotation')==1&&query.block_neighbor_has_any_tag(1,0,0,'office_desk_connect1')",
						"set_block_property": {
							"fb:office_desk_connect": 3
						}
					},
					{
						"condition": "query.block_property('fb:rotation')==1&&query.block_neighbor_has_any_tag(-1,0,0,'desk_corner')",
						"set_block_property": {
							"fb:office_desk_connect": 4
						}
					},
					{
						"condition": "query.block_property('fb:rotation')==1&&query.block_neighbor_has_any_tag(1,0,0,'desk_corner')",
						"set_block_property": {
							"fb:office_desk_connect": 3
						}
					},
					{
						"condition": "query.block_property('fb:rotation')==1&&query.block_neighbor_has_any_tag(1,0,0,'office_desk_connect1')&&query.block_neighbor_has_any_tag(-1,0,0,'office_desk_connect1')",
						"set_block_property": {
							"fb:office_desk_connect": 2
						}
					},
					{
						"condition": "query.block_property('fb:rotation')==1&&query.block_neighbor_has_any_tag(1,0,0,'desk_corner')&&query.block_neighbor_has_any_tag(-1,0,0,'office_desk_connect1')",
						"set_block_property": {
							"fb:office_desk_connect": 2
						}
					},
					{
						"condition": "query.block_property('fb:office_desk_connect')==4&&query.block_property('fb:rotation')==1&&!query.block_neighbor_has_any_tag(-1,0,0,'office_desk_connect1')&&!query.block_neighbor_has_any_tag(-1,0,0,'desk_corner')",
						"set_block_property": {
							"fb:office_desk_connect": 0
						}
					},
					{
						"condition": "query.block_property('fb:office_desk_connect')==3&&query.block_property('fb:rotation')==1&&!query.block_neighbor_has_any_tag(1,0,0,'office_desk_connect1')&&!query.block_neighbor_has_any_tag(1,0,0,'desk_corner')",
						"set_block_property": {
							"fb:office_desk_connect": 0
						}
					},
					{
						"condition": "query.block_property('fb:rotation')==2&&query.block_neighbor_has_any_tag(0,0,-1,'office_desk_connect2')",
						"set_block_property": {
							"fb:office_desk_connect": 4
						}
					},
					{
						"condition": "query.block_property('fb:rotation')==2&&query.block_neighbor_has_any_tag(0,0,1,'office_desk_connect2')",
						"set_block_property": {
							"fb:office_desk_connect": 3
						}
					},
					{
						"condition": "query.block_property('fb:rotation')==2&&query.block_neighbor_has_any_tag(0,0,-1,'desk_corner')",
						"set_block_property": {
							"fb:office_desk_connect": 4
						}
					},
					{
						"condition": "query.block_property('fb:rotation')==2&&query.block_neighbor_has_any_tag(0,0,1,'desk_corner')",
						"set_block_property": {
							"fb:office_desk_connect": 3
						}
					},
					{
						"condition": "query.block_property('fb:rotation')==2&&query.block_neighbor_has_any_tag(0,0,1,'office_desk_connect2')&&query.block_neighbor_has_any_tag(0,0,-1,'office_desk_connect2')",
						"set_block_property": {
							"fb:office_desk_connect": 2
						}
					},
					{
						"condition": "query.block_property('fb:rotation')==2&&query.block_neighbor_has_any_tag(0,0,1,'desk_corner')&&query.block_neighbor_has_any_tag(0,0,-1,'office_desk_connect2')",
						"set_block_property": {
							"fb:office_desk_connect": 2
						}
					},
					{
						"condition": "query.block_property('fb:office_desk_connect')==4&&query.block_property('fb:rotation')==2&&!query.block_neighbor_has_any_tag(0,0,-1,'office_desk_connect2')&&!query.block_neighbor_has_any_tag(0,0,-1,'desk_corner')",
						"set_block_property": {
							"fb:office_desk_connect": 0
						}
					},
					{
						"condition": "query.block_property('fb:office_desk_connect')==3&&query.block_property('fb:rotation')==2&&!query.block_neighbor_has_any_tag(0,0,1,'office_desk_connect2')&&!query.block_neighbor_has_any_tag(0,0,1,'desk_corner')",
						"set_block_property": {
							"fb:office_desk_connect": 0
						}
					},
					{
						"condition": "query.block_property('fb:rotation')==3&&query.block_neighbor_has_any_tag(0,0,1,'office_desk_connect3')",
						"set_block_property": {
							"fb:office_desk_connect": 4
						}
					},
					{
						"condition": "query.block_property('fb:rotation')==3&&query.block_neighbor_has_any_tag(0,0,-1,'office_desk_connect3')",
						"set_block_property": {
							"fb:office_desk_connect": 3
						}
					},
					{
						"condition": "query.block_property('fb:rotation')==3&&query.block_neighbor_has_any_tag(0,0,1,'desk_corner')",
						"set_block_property": {
							"fb:office_desk_connect": 4
						}
					},
					{
						"condition": "query.block_property('fb:rotation')==3&&query.block_neighbor_has_any_tag(0,0,-1,'desk_corner')",
						"set_block_property": {
							"fb:office_desk_connect": 3
						}
					},
					{
						"condition": "query.block_property('fb:rotation')==3&&query.block_neighbor_has_any_tag(0,0,-1,'office_desk_connect3')&&query.block_neighbor_has_any_tag(0,0,1,'office_desk_connect3')",
						"set_block_property": {
							"fb:office_desk_connect": 2
						}
					},
					{
						"condition": "query.block_property('fb:rotation')==3&&query.block_neighbor_has_any_tag(0,0,-1,'desk_corner')&&query.block_neighbor_has_any_tag(0,0,1,'office_desk_connect3')",
						"set_block_property": {
							"fb:office_desk_connect": 2
						}
					},
					{
						"condition": "query.block_property('fb:office_desk_connect')==4&&query.block_property('fb:rotation')==3&&!query.block_neighbor_has_any_tag(0,0,1,'office_desk_connect3')&&!query.block_neighbor_has_any_tag(0,0,1,'desk_corner')",
						"set_block_property": {
							"fb:office_desk_connect": 0
						}
					},
					{
						"condition": "query.block_property('fb:office_desk_connect')==3&&query.block_property('fb:rotation')==3&&!query.block_neighbor_has_any_tag(0,0,-1,'office_desk_connect3')&&!query.block_neighbor_has_any_tag(0,0,-1,'desk_corner')",
						"set_block_property": {
							"fb:office_desk_connect": 0
						}
					},
					{
						"condition": "query.block_property('fb:rotation')==0&&query.block_neighbor_has_any_tag(-1,0,0,'office_desk_connect0')&&query.block_neighbor_has_any_tag(0,0,1,'office_desk_connect3')",
						"set_block_property": {
							"fb:office_desk_connect": 1
						}
					},
					{
						"condition": "query.block_property('fb:rotation')==0&&query.block_property('fb:office_desk_connect')==1&&query.block_neighbor_has_any_tag(-1,0,0,'office_desk_connect0')&&!query.block_neighbor_has_any_tag(0,0,1,'office_desk_connect3')",
						"set_block_property": {
							"fb:office_desk_connect": 0
						}
					},
					{
						"condition": "query.block_neighbor_has_any_tag(0,0,1,'office_desk_connect3')&&!query.block_neighbor_has_any_tag(-1,0,0,'office_desk_connect0')&&query.block_property('fb:rotation')==0&&query.block_property('fb:office_desk_connect')==1",
						"set_block_property": {
							"fb:office_desk_connect": 0,
							"fb:rotation": 3
						}
					},
					{
						"condition": "query.block_property('fb:rotation')==3&&query.block_neighbor_has_any_tag(-1,0,0,'office_desk_connect0')&&query.block_neighbor_has_any_tag(0,0,1,'office_desk_connect3')",
						"set_block_property": {
							"fb:office_desk_connect": 1,
							"fb:rotation": 0
						}
					},
					{
						"condition": "query.block_property('fb:rotation')==0&&query.block_neighbor_has_any_tag(1,0,0,'office_desk_connect0')&&query.block_neighbor_has_any_tag(0,0,1,'office_desk_connect2')",
						"set_block_property": {
							"fb:office_desk_connect": 1,
							"fb:rotation": 2
						}
					},
					{
						"condition": "!query.block_neighbor_has_any_tag(0,0,1,'office_desk_connect2')&&query.block_neighbor_has_any_tag(1,0,0,'office_desk_connect0')&&query.block_property('fb:rotation')==2&&query.block_property('fb:office_desk_connect')==1",
						"set_block_property": {
							"fb:office_desk_connect": 0,
							"fb:rotation": 0
						}
					},
					{
						"condition": "query.block_property('fb:rotation')==2&&query.block_neighbor_has_any_tag(1,0,0,'office_desk_connect0')&&query.block_neighbor_has_any_tag(0,0,1,'office_desk_connect2')",
						"set_block_property": {
							"fb:office_desk_connect": 1,
							"fb:rotation": 2
						}
					},
					{
						"condition": "query.block_neighbor_has_any_tag(0,0,1,'office_desk_connect2')&&!query.block_neighbor_has_any_tag(1,0,0,'office_desk_connect0')&&query.block_property('fb:rotation')==2&&query.block_property('fb:office_desk_connect')==1",
						"set_block_property": {
							"fb:office_desk_connect": 0,
							"fb:rotation": 2
						}
					},
					{
						"condition": "query.block_property('fb:rotation')==1&&query.block_neighbor_has_any_tag(-1,0,0,'office_desk_connect1')&&query.block_neighbor_has_any_tag(0,0,-1,'office_desk_connect3')",
						"set_block_property": {
							"fb:office_desk_connect": 1,
							"fb:rotation": 3
						}
					},
					{
						"condition": "query.block_property('fb:rotation')==3&&query.block_property('fb:office_desk_connect')==1&&query.block_neighbor_has_any_tag(-1,0,0,'office_desk_connect1')&&!query.block_neighbor_has_any_tag(0,0,-1,'office_desk_connect3')",
						"set_block_property": {
							"fb:office_desk_connect": 0,
							"fb:rotation": 1
						}
					},
					{
						"condition": "query.block_neighbor_has_any_tag(0,0,-1,'office_desk_connect3')&&!query.block_neighbor_has_any_tag(-1,0,0,'office_desk_connect1')&&query.block_property('fb:rotation')==3&&query.block_property('fb:office_desk_connect')==1",
						"set_block_property": {
							"fb:office_desk_connect": 0,
							"fb:rotation": 3
						}
					},
					{
						"condition": "query.block_property('fb:rotation')==3&&query.block_neighbor_has_any_tag(-1,0,0,'office_desk_connect1')&&query.block_neighbor_has_any_tag(0,0,-1,'office_desk_connect3')",
						"set_block_property": {
							"fb:office_desk_connect": 1,
							"fb:rotation": 3
						}
					},
					{
						"condition": "query.block_property('fb:rotation')==1&&query.block_neighbor_has_any_tag(1,0,0,'office_desk_connect1')&&query.block_neighbor_has_any_tag(0,0,-1,'office_desk_connect2')",
						"set_block_property": {
							"fb:office_desk_connect": 1
						}
					},
					{
						"condition": "query.block_property('fb:rotation')==1&&query.block_property('fb:office_desk_connect')==1&&query.block_neighbor_has_any_tag(1,0,0,'office_desk_connect1')&&!query.block_neighbor_has_any_tag(0,0,-1,'office_desk_connect2')",
						"set_block_property": {
							"fb:office_desk_connect": 0
						}
					},
					{
						"condition": "query.block_neighbor_has_any_tag(0,0,-1,'office_desk_connect2')&&!query.block_neighbor_has_any_tag(1,0,0,'office_desk_connect1')&&query.block_property('fb:rotation')==1&&query.block_property('fb:office_desk_connect')==1",
						"set_block_property": {
							"fb:office_desk_connect": 0,
							"fb:rotation": 2
						}
					},
					{
						"condition": "query.block_property('fb:rotation')==2&&query.block_neighbor_has_any_tag(1,0,0,'office_desk_connect1')&&query.block_neighbor_has_any_tag(0,0,-1,'office_desk_connect2')",
						"set_block_property": {
							"fb:office_desk_connect": 1,
							"fb:rotation": 1
						}
					}
				]
			},
			"rotation": {
				"set_block_property": {
					"fb:rotation": "query.cardinal_facing_2d-2"
				}
			}
		}
	}
}