{
	"format_version": "1.16.100",
	"minecraft:block": {
		"description": {
			"identifier": "fb:door_button",
			"is_experimental": false,
			"properties": {
				"fb:block_rotation": [
					2,
					3,
					4,
					5
				],
				"fb:block_status": [
					1,
					2
				]
			}
		},
		"components": {
			"minecraft:destroy_time": 1,
			"minecraft:block_light_filter": 0,
			"minecraft:explosion_resistance": 0.1,
			"minecraft:material_instances": {
				"*": {
					"texture": "door_button",
					"render_method": "alpha_test"
				}
			},
			"minecraft:geometry": "geometry.door_button",
			"minecraft:aim_collision": {
				"origin": [
					-4,
					0,
					-8
				],
				"size": [
					8,
					9,
					2
				]
			},
			"minecraft:block_collision": false,
			"minecraft:placement_filter": {
				"conditions": [
					{
						"allowed_faces": [
							"side"
						],
						"block_filter": [
							{
								"tags": "!q.any_tag('non_full')"
							}
						]
					}
				]
			},
			"tag:non_full": {},
			"minecraft:on_player_placing": {
				"event": "fb:block_placed"
			},
			"minecraft:rotation": [
				0,
				0,
				0
			],
			"minecraft:creative_category": {
				"group": "construction",
				"category": "construction"
			}
		},
		"events": {
			"fb:block_placed": {
				"sequence": [
					{
						"set_block_property": {
							"fb:block_rotation": "query.block_face"
						}
					},
					{
						"set_block_property": {
							"fb:block_status": 1
						}
					}
				]
			},
			"fb:event_off": {
				"sequence": [
					{
						"set_block_property": {
							"fb:block_status": 2
						}
					},
					{
						"run_command": {
							"target": "self",
							"command": [
								"gamerule sendcommandfeedback false",
								"event entity @e[r=3] fb:closed_door_ex",
								"playsound fb.office_door_button @a[r=5] ~~~ 10",
								"playsound fb.office_door_close @a[r=5] ~~~ 1"
							]
						}
					}
				]
			},
			"fb:event_on": {
				"sequence": [
					{
						"set_block_property": {
							"fb:block_status": 1
						}
					},
					{
						"run_command": {
							"target": "self",
							"command": [
								"gamerule sendcommandfeedback false",
								"event entity @e[r=3] fb:open_door_ex",
								"playsound fb.office_door_button @a[r=5] ~~~ 10",
								"playsound fb.office_door_open @a[r=5] ~~~ 1"
							]
						}
					}
				]
			}
		},
		"permutations": [
			{
				"condition": "query.block_property('fb:block_rotation') == 2",
				"components": {
					"minecraft:rotation": [
						0,
						-180,
						0
					]
				}
			},
			{
				"condition": "query.block_property('fb:block_rotation') == 3",
				"components": {
					"minecraft:rotation": [
						0,
						0,
						0
					]
				}
			},
			{
				"condition": "query.block_property('fb:block_rotation') == 4",
				"components": {
					"minecraft:rotation": [
						0,
						-90,
						0
					]
				}
			},
			{
				"condition": "query.block_property('fb:block_rotation') == 5",
				"components": {
					"minecraft:rotation": [
						0,
						90,
						0
					]
				}
			},
			{
				"condition": "query.block_property('fb:block_status') == 1",
				"components": {
					"minecraft:geometry": "geometry.door_button",
					"minecraft:on_interact": {
						"event": "fb:event_off"
					}
				}
			},
			{
				"condition": "query.block_property('fb:block_status') == 2",
				"components": {
					"minecraft:geometry": "geometry.door_button_on",
					"minecraft:on_interact": {
						"event": "fb:event_on"
					}
				}
			}
		]
	}
}