{
	"format_version": "1.19.60",
	"minecraft:block": {
		"description": {
			"identifier": "fb:electric_wires_on",
			"properties": {
				"fb:south": [
					0,
					1
				],
				"fb:east": [
					0,
					1
				],
				"fb:west": [
					0,
					1
				],
				"fb:sideways": [
					0,
					1
				],
				"fb:north": [
					0,
					1
				]
			},
			"menu_category": {
				"group": "construction",
				"category": "construction"
			}
		},
		"events": {
			"fb:destroy": {
				"sequence": [
					{
						"run_command": {
							"target": "self",
							"command": [
								"fill ~1 ~-1 ~-1 ~-1 ~ ~1 fb:electric_wires_on [] replace fb:electric_wires_off",
								"fill ~1 ~-2 ~-1 ~-1 ~ ~1 fb:electric_block_on [] replace fb:electric_block_off",
								"fill ~1 ~ ~-1 ~-1 ~-2 ~1 fb:light_on [] replace fb:light_off",
								"fill ~1 ~ ~-1 ~-1 ~-3 ~1 fb:lightbulb_on [] replace fb:lightbulb_down",
								"fill ~1 ~ ~-1 ~-1 ~-2 ~1 fb:vent_light_on [] replace fb:vent_light",
								"fill ~1 ~ ~-1 ~-1 ~-2 ~1 fb:roof_light_on [] replace fb:roof_light_off",
								"function lights_on",
								"function lights_wires_on"
							]
						}
					}
				]
			},
			"fb:wires": {
				"sequence": [
					{
						"condition": "q.block_neighbor_has_any_tag(0,0,-1,'wires')",
						"set_block_property": {
							"fb:north": 1
						}
					},
					{
						"condition": "!q.block_neighbor_has_any_tag(0,0,-1,'wires')",
						"set_block_property": {
							"fb:north": 0
						}
					},
					{
						"condition": "q.block_neighbor_has_any_tag(0,0,1,'wires')",
						"set_block_property": {
							"fb:south": 1
						}
					},
					{
						"condition": "!q.block_neighbor_has_any_tag(0,0,1,'wires')",
						"set_block_property": {
							"fb:south": 0
						}
					},
					{
						"condition": "q.block_neighbor_has_any_tag(1,0,0,'wires')",
						"set_block_property": {
							"fb:east": 1
						}
					},
					{
						"condition": "!q.block_neighbor_has_any_tag(1,0,0,'wires')",
						"set_block_property": {
							"fb:east": 0
						}
					},
					{
						"condition": "q.block_neighbor_has_any_tag(-1,0,0,'wires')",
						"set_block_property": {
							"fb:west": 1
						}
					},
					{
						"condition": "!q.block_neighbor_has_any_tag(-1,0,0,'wires')",
						"set_block_property": {
							"fb:west": 0
						}
					}
				]
			}
		},
		"components": {
			"minecraft:on_player_placing": {
				"event": "fb:wires"
			},
			"minecraft:on_placed": {
				"event": "fb:destroy"
			},
			"minecraft:material_instances": {
				"*": {
					"texture": "electric_wires_on",
					"render_method": "alpha_test"
				}
			},
			"tag:wires": {},
			"minecraft:queued_ticking": {
				"looping": true,
				"on_tick": {
					"event": "fb:wires",
					"condition": "query.block_property('fb:place')==0||query.block_property('fb:place')==1"
				},
				"interval_range": [
					0,
					0
				]
			},
			"minecraft:selection_box": {
				"size": [
					8,
					1,
					8
				],
				"origin": [
					-4,
					0,
					-4
				]
			},
			"minecraft:collision_box": {
				"size": [
					8,
					1,
					8
				],
				"origin": [
					-4,
					0,
					-4
				]
			},
			"minecraft:geometry": {
				"identifier": "geometry.floor_wires_on",
				"bone_visibility": {
					"south": false,
					"east": false,
					"west": false,
					"north": false
				}
			}
		},
		"permutations": [
			{
				"condition": "query.block_property('fb:north') == 1",
				"components": {
					"minecraft:geometry": {
						"identifier": "geometry.floor_wires_on",
						"bone_visibility": {
							"south": false,
							"east": false,
							"west": false,
							"north": true
						}
					}
				}
			},
			{
				"condition": "query.block_property('fb:south') == 1",
				"components": {
					"minecraft:geometry": {
						"identifier": "geometry.floor_wires_on",
						"bone_visibility": {
							"south": true,
							"east": false,
							"west": false,
							"north": false
						}
					}
				}
			},
			{
				"condition": "query.block_property('fb:east') == 1",
				"components": {
					"minecraft:geometry": {
						"identifier": "geometry.floor_wires_on",
						"bone_visibility": {
							"south": false,
							"east": true,
							"west": false,
							"north": false
						}
					}
				}
			},
			{
				"condition": "query.block_property('fb:west') == 1",
				"components": {
					"minecraft:geometry": {
						"identifier": "geometry.floor_wires_on",
						"bone_visibility": {
							"south": false,
							"east": false,
							"west": true,
							"north": false
						}
					}
				}
			},
			{
				"condition": "query.block_property('fb:north') == 1 && query.block_property('fb:south') == 1",
				"components": {
					"minecraft:geometry": {
						"identifier": "geometry.floor_wires_on",
						"bone_visibility": {
							"south": true,
							"east": false,
							"west": false,
							"north": true
						}
					}
				}
			},
			{
				"condition": "query.block_property('fb:west') == 1 && query.block_property('fb:east') == 1",
				"components": {
					"minecraft:geometry": {
						"identifier": "geometry.floor_wires_on",
						"bone_visibility": {
							"south": false,
							"east": true,
							"west": true,
							"north": false
						}
					}
				}
			},
			{
				"condition": "query.block_property('fb:north') == 1 && query.block_property('fb:east') == 1",
				"components": {
					"minecraft:geometry": {
						"identifier": "geometry.floor_wires_on",
						"bone_visibility": {
							"south": false,
							"east": true,
							"west": false,
							"north": true
						}
					}
				}
			},
			{
				"condition": "query.block_property('fb:north') == 1 && query.block_property('fb:west') == 1",
				"components": {
					"minecraft:geometry": {
						"identifier": "geometry.floor_wires_on",
						"bone_visibility": {
							"south": false,
							"east": false,
							"west": true,
							"north": true
						}
					}
				}
			},
			{
				"condition": "query.block_property('fb:south') == 1 && query.block_property('fb:west') == 1",
				"components": {
					"minecraft:geometry": {
						"identifier": "geometry.floor_wires_on",
						"bone_visibility": {
							"south": true,
							"east": false,
							"west": true,
							"north": false
						}
					}
				}
			},
			{
				"condition": "query.block_property('fb:south') == 1 && query.block_property('fb:east') == 1",
				"components": {
					"minecraft:geometry": {
						"identifier": "geometry.floor_wires_on",
						"bone_visibility": {
							"south": true,
							"east": true,
							"west": false,
							"north": false
						}
					}
				}
			},
			{
				"condition": "query.block_property('fb:south') == 1 && query.block_property('fb:east') == 1 && query.block_property('fb:west') == 1",
				"components": {
					"minecraft:geometry": {
						"identifier": "geometry.floor_wires_on",
						"bone_visibility": {
							"south": true,
							"east": true,
							"west": true,
							"north": false
						}
					}
				}
			},
			{
				"condition": "query.block_property('fb:south') == 1 && query.block_property('fb:east') == 1 && query.block_property('fb:north') == 1",
				"components": {
					"minecraft:geometry": {
						"identifier": "geometry.floor_wires_on",
						"bone_visibility": {
							"south": true,
							"east": true,
							"west": false,
							"north": true
						}
					}
				}
			},
			{
				"condition": "query.block_property('fb:south') == 1 && query.block_property('fb:west') == 1 && query.block_property('fb:north') == 1",
				"components": {
					"minecraft:geometry": {
						"identifier": "geometry.floor_wires_on",
						"bone_visibility": {
							"south": true,
							"east": false,
							"west": true,
							"north": true
						}
					}
				}
			},
			{
				"condition": "query.block_property('fb:east') == 1 && query.block_property('fb:west') == 1 && query.block_property('fb:north') == 1",
				"components": {
					"minecraft:geometry": {
						"identifier": "geometry.floor_wires_on",
						"bone_visibility": {
							"south": false,
							"east": true,
							"west": true,
							"north": true
						}
					}
				}
			},
			{
				"condition": "query.block_property('fb:east') == 1 && query.block_property('fb:west') == 1 && query.block_property('fb:north') == 1 && query.block_property('fb:south') == 1",
				"components": {
					"minecraft:geometry": {
						"identifier": "geometry.floor_wires_on",
						"bone_visibility": {
							"south": true,
							"east": true,
							"west": true,
							"north": true
						}
					}
				}
			}
		]
	}
}