{
	"format_version": "1.16.100",
	"minecraft:block": {
		"description": {
			"identifier": "fb:floor_papers",
			"properties": {
				"p:facing": [
					0,
					1,
					2,
					3
				],
				"p:changer": [
					0,
					1,
					2,
					3,
					4,
					5,
					6,
					7
				]
			}
		},
		"permutations": [
			{
				"condition": "q.block_property('p:facing') == 0",
				"components": {
					"minecraft:rotation": [
						0,
						180,
						0
					]
				}
			},
			{
				"condition": "q.block_property('p:facing') == 1",
				"components": {
					"minecraft:rotation": [
						0,
						0,
						0
					]
				}
			},
			{
				"condition": "q.block_property('p:facing') == 2",
				"components": {
					"minecraft:rotation": [
						0,
						270,
						0
					]
				}
			},
			{
				"condition": "q.block_property('p:facing') == 3",
				"components": {
					"minecraft:rotation": [
						0,
						90,
						0
					]
				}
			},
			{
				"condition": "q.block_property('p:changer') == 0",
				"components": {
					"minecraft:geometry": "geometry.floor_papers"
				}
			},
			{
				"condition": "q.block_property('p:changer') == 1",
				"components": {
					"minecraft:geometry": "geometry.floor_papers_2"
				}
			},
			{
				"condition": "q.block_property('p:changer') == 2",
				"components": {
					"minecraft:geometry": "geometry.floor_papers_3"
				}
			},
			{
				"condition": "q.block_property('p:changer') == 3",
				"components": {
					"minecraft:geometry": "geometry.floor_papers_4"
				}
			},
			{
				"condition": "q.block_property('p:changer') == 4",
				"components": {
					"minecraft:geometry": "geometry.floor_papers_5"
				}
			},
			{
				"condition": "q.block_property('p:changer') == 5",
				"components": {
					"minecraft:geometry": "geometry.floor_papers_6"
				}
			},
			{
				"condition": "q.block_property('p:changer') == 6",
				"components": {
					"minecraft:geometry": "geometry.floor_papers_7"
				}
			},
			{
				"condition": "q.block_property('p:changer') == 7",
				"components": {
					"minecraft:geometry": "geometry.floor_papers_8"
				}
			}
		],
		"components": {
			"minecraft:material_instances": {
				"*": {
					"texture": "new_wall_paper_1",
					"render_method": "alpha_test"
				}
			},
			"minecraft:display_name": "fb:floor_papers",
			"minecraft:creative_category": {
				"category": "construction",
				"group": "itemGroup.name.Construction"
			},
			"minecraft:map_color": "#ffffff",
			"minecraft:destroy_time": 4,
			"minecraft:explosion_resistance": 4,
			"minecraft:block_light_absorption": 0,
			"minecraft:breathability": "air",
			"minecraft:flammable": {
				"flame_odds": 30,
				"burn_odds": 30
			},
			"minecraft:geometry": "geometry.floor_papers",
			"minecraft:aim_collision": {
				"origin": [
					-8,
					0,
					-8
				],
				"size": [
					16,
					2,
					16
				]
			},
			"minecraft:entity_collision": {
				"origin": [
					-8,
					0,
					-8
				],
				"size": [
					0,
					0,
					0
				]
			},
			"minecraft:on_player_placing": {
				"event": "e:set.facing"
			}
		},
		"events": {
			"e:set.facing": {
				"set_block_property": {
					"p:facing": "q.cardinal_facing_2d-2"
				}
			},
			"e:cycle_changer": {
				"set_block_property": {
					"p:changer": "q.block_property('p:changer')==7?0:q.block_property('p:changer')+1"
				},
				"run_command": {
					"command": [
						"playsound block.lantern.break @p ~~~",
						"particle foxes:texture ~~~"
					]
				}
			}
		}
	}
}