{
	"format_version": "1.16.100",
	"minecraft:block": {
		"description": {
			"identifier": "fb:hw_fan",
			"properties": {
				"bt:head_side": [
					0,
					1,
					2,
					3,
					4,
					5,
					6
				],
				"bt:head_rotation": [
					"2700",
					"2475",
					"2250",
					"2025",
					"1800",
					"1575",
					"1350",
					"1125",
					"900",
					"675",
					"450",
					"225",
					"hw_fan_base",
					"3375",
					"3150",
					"2925"
				],
				"fb:block_status": [
					1,
					2
				]
			}
		},
		"components": {
			"minecraft:geometry": "geometry.hw_fan_base",
			"minecraft:material_instances": {
				"*": {
					"texture": "fb:hw_fan",
					"render_method": "alpha_test"
				}
			},
			"minecraft:creative_category": {
				"group": "construction",
				"category": "construction"
			},
			"minecraft:loot": "loot_tables/empty.json",
			"minecraft:entity_collision": {
				"origin": [
					-4,
					0,
					-4
				],
				"size": [
					8,
					8,
					8
				]
			},
			"minecraft:pick_collision": {
				"origin": [
					-4,
					0,
					-4
				],
				"size": [
					8,
					8,
					8
				]
			},
			"minecraft:destroy_time": 1,
			"minecraft:block_light_filter": 0,
			"minecraft:on_player_placing": {
				"event": "set_side"
			}
		},
		"events": {
			"set_side": {
				"sequence": [
					{
						"set_block_property": {
							"bt:head_side": "q.block_face"
						}
					},
					{
						"set_block_property": {
							"fb:block_status": 1
						}
					},
					{
						"set_block_property": {
							"bt:head_rotation": "((q.head_y_rotation(0) >= -11.5 && q.head_y_rotation(0) < 0.0) ? 'hw_fan_base' :((q.head_y_rotation(0) >= 0.0 && q.head_y_rotation(0) < 11.5) ? 'hw_fan_base' :((q.head_y_rotation(0) >= 11.5 && q.head_y_rotation(0) < 34.5) ? '225' :((q.head_y_rotation(0) >= 34.5 && q.head_y_rotation(0) < 56.5) ? '450' :((q.head_y_rotation(0) >= 56.5 && q.head_y_rotation(0) < 79.5) ? '675' :((q.head_y_rotation(0) >= 79.5 && q.head_y_rotation(0) < 101.5) ? '900' :((q.head_y_rotation(0) >= 101.5 && q.head_y_rotation(0) < 123.5) ? '1125' :((q.head_y_rotation(0) >= 123.5 && q.head_y_rotation(0) < 146.5) ? '1350' :((q.head_y_rotation(0) >= 146.5 && q.head_y_rotation(0) < 169.5) ? '1575' :((q.head_y_rotation(0) >= 169.5 && q.head_y_rotation(0) < 180.0) ? '1800' :((q.head_y_rotation(0) >= -180.0 && q.head_y_rotation(0) < -169.5) ? '1800' :((q.head_y_rotation(0) >= -169.5 && q.head_y_rotation(0) < -146.5) ? '2025' :((q.head_y_rotation(0) >= -146.5 && q.head_y_rotation(0) < -123.5) ? '2250' :((q.head_y_rotation(0) >= -123.5 && q.head_y_rotation(0) < -101.5) ? '2475' :((q.head_y_rotation(0) >= -101.5 && q.head_y_rotation(0) < -79.5) ? '2700' :((q.head_y_rotation(0) >= -79.5 && q.head_y_rotation(0) < -56.5) ? '2925' :((q.head_y_rotation(0) >= -56.5 && q.head_y_rotation(0) < -34.5) ? '3150' :((q.head_y_rotation(0) >= -34.5 && q.head_y_rotation(0) < -11.5) ? '3375' : 'hw_fan_base'))))))))))))))))))"
						}
					}
				]
			},
			"fb:event_alarm": {
				"sequence": [
					{
						"run_command": {
							"target": "self",
							"command": [
								"gamerule sendcommandfeedback false",
								"playsound fb:hw_fan @a[r=3] ~~~ 0.1"
							]
						}
					}
				]
			},
			"fb:event_off": {
				"sequence": [
					{
						"set_block_property": {
							"fb:block_status": 1
						}
					},
					{
						"run_command": {
							"target": "self",
							"command": [
								"gamerule sendcommandfeedback false",
								"stopsound @a[r=3]",
								"playsound random.click @a ~~~ 1 2"
							]
						}
					}
				]
			},
			"fb:event_on": {
				"sequence": [
					{
						"set_block_property": {
							"fb:block_status": 2
						}
					},
					{
						"run_command": {
							"target": "self",
							"command": [
								"gamerule sendcommandfeedback false",
								"playsound random.click @a ~~~ 1 2"
							]
						}
					}
				]
			}
		},
		"permutations": [
			{
				"condition": "q.block_property('bt:head_side') == 2",
				"components": {
					"minecraft:rotation": [
						0,
						0,
						0
					],
					"minecraft:geometry": "geometry.hw_fan_wall",
					"minecraft:entity_collision": {
						"origin": [
							-4,
							4,
							0
						],
						"size": [
							8,
							8,
							8
						]
					},
					"minecraft:pick_collision": {
						"origin": [
							-4,
							4,
							0
						],
						"size": [
							8,
							8,
							8
						]
					}
				}
			},
			{
				"condition": "q.block_property('bt:head_side') == 3",
				"components": {
					"minecraft:rotation": [
						0,
						180,
						0
					],
					"minecraft:geometry": "geometry.hw_fan_wall",
					"minecraft:entity_collision": {
						"origin": [
							-4,
							4,
							0
						],
						"size": [
							8,
							8,
							8
						]
					},
					"minecraft:pick_collision": {
						"origin": [
							-4,
							4,
							0
						],
						"size": [
							8,
							8,
							8
						]
					}
				}
			},
			{
				"condition": "q.block_property('bt:head_side') == 4",
				"components": {
					"minecraft:rotation": [
						0,
						90,
						0
					],
					"minecraft:geometry": "geometry.hw_fan_wall",
					"minecraft:entity_collision": {
						"origin": [
							-4,
							4,
							0
						],
						"size": [
							8,
							8,
							8
						]
					},
					"minecraft:pick_collision": {
						"origin": [
							-4,
							4,
							0
						],
						"size": [
							8,
							8,
							8
						]
					}
				}
			},
			{
				"condition": "q.block_property('bt:head_side') == 5",
				"components": {
					"minecraft:rotation": [
						0,
						270,
						0
					],
					"minecraft:geometry": "geometry.hw_fan_wall",
					"minecraft:entity_collision": {
						"origin": [
							-4,
							4,
							0
						],
						"size": [
							8,
							8,
							8
						]
					},
					"minecraft:pick_collision": {
						"origin": [
							-4,
							4,
							0
						],
						"size": [
							8,
							8,
							8
						]
					}
				}
			},
			{
				"condition": "q.block_property('bt:head_rotation') == '2700' && q.block_property('bt:head_side') == 0",
				"components": {
					"minecraft:geometry": "geometry.hw_fan_2700",
					"minecraft:rotation": [
						0,
						90,
						0
					]
				}
			},
			{
				"condition": "q.block_property('bt:head_rotation') == '2700' && (q.block_property('bt:head_side') == 1 || q.block_property('bt:head_side') == 6)",
				"components": {
					"minecraft:geometry": "geometry.hw_fan_2700"
				}
			},
			{
				"condition": "q.block_property('bt:head_rotation') == '2475' && (q.block_property('bt:head_side') == 0 || q.block_property('bt:head_side') == 1 || q.block_property('bt:head_side') == 6)",
				"components": {
					"minecraft:geometry": "geometry.hw_fan_2475"
				}
			},
			{
				"condition": "q.block_property('bt:head_rotation') == '2250' && (q.block_property('bt:head_side') == 0 || q.block_property('bt:head_side') == 1 || q.block_property('bt:head_side') == 6)",
				"components": {
					"minecraft:geometry": "geometry.hw_fan_2250"
				}
			},
			{
				"condition": "q.block_property('bt:head_rotation') == '2025' && (q.block_property('bt:head_side') == 0 || q.block_property('bt:head_side') == 1 || q.block_property('bt:head_side') == 6)",
				"components": {
					"minecraft:geometry": "geometry.hw_fan_2025"
				}
			},
			{
				"condition": "q.block_property('bt:head_rotation') == '1800' && (q.block_property('bt:head_side') == 0 || q.block_property('bt:head_side') == 1 || q.block_property('bt:head_side') == 6)",
				"components": {
					"minecraft:geometry": "geometry.hw_fan_1800"
				}
			},
			{
				"condition": "q.block_property('bt:head_rotation') == '1575' && (q.block_property('bt:head_side') == 0 || q.block_property('bt:head_side') == 1 || q.block_property('bt:head_side') == 6)",
				"components": {
					"minecraft:geometry": "geometry.hw_fan_1575"
				}
			},
			{
				"condition": "q.block_property('bt:head_rotation') == '1350' && (q.block_property('bt:head_side') == 0 || q.block_property('bt:head_side') == 1 || q.block_property('bt:head_side') == 6)",
				"components": {
					"minecraft:geometry": "geometry.hw_fan_1350"
				}
			},
			{
				"condition": "q.block_property('bt:head_rotation') == '1125' && (q.block_property('bt:head_side') == 0 || q.block_property('bt:head_side') == 1 || q.block_property('bt:head_side') == 6)",
				"components": {
					"minecraft:geometry": "geometry.hw_fan_1125"
				}
			},
			{
				"condition": "q.block_property('bt:head_rotation') == '900' && (q.block_property('bt:head_side') == 0 || q.block_property('bt:head_side') == 1 || q.block_property('bt:head_side') == 6)",
				"components": {
					"minecraft:geometry": "geometry.hw_fan_900"
				}
			},
			{
				"condition": "q.block_property('bt:head_rotation') == '675' && (q.block_property('bt:head_side') == 0 || q.block_property('bt:head_side') == 1 || q.block_property('bt:head_side') == 6)",
				"components": {
					"minecraft:geometry": "geometry.hw_fan_675"
				}
			},
			{
				"condition": "q.block_property('bt:head_rotation') == '450' && (q.block_property('bt:head_side') == 0 || q.block_property('bt:head_side') == 1 || q.block_property('bt:head_side') == 6)",
				"components": {
					"minecraft:geometry": "geometry.hw_fan_450"
				}
			},
			{
				"condition": "q.block_property('bt:head_rotation') == '225' && (q.block_property('bt:head_side') == 0 || q.block_property('bt:head_side') == 1 || q.block_property('bt:head_side') == 6)",
				"components": {
					"minecraft:geometry": "geometry.hw_fan_225"
				}
			},
			{
				"condition": "q.block_property('bt:head_rotation') == 'hw_fan_base' && (q.block_property('bt:head_side') == 0 || q.block_property('bt:head_side') == 1 || q.block_property('bt:head_side') == 6)",
				"components": {
					"minecraft:geometry": "geometry.hw_fan_base"
				}
			},
			{
				"condition": "q.block_property('bt:head_rotation') == '3375' && (q.block_property('bt:head_side') == 0 || q.block_property('bt:head_side') == 1 || q.block_property('bt:head_side') == 6)",
				"components": {
					"minecraft:geometry": "geometry.hw_fan_3375"
				}
			},
			{
				"condition": "q.block_property('bt:head_rotation') == '3150' && (q.block_property('bt:head_side') == 0 || q.block_property('bt:head_side') == 1 || q.block_property('bt:head_side') == 6)",
				"components": {
					"minecraft:geometry": "geometry.hw_fan_3150"
				}
			},
			{
				"condition": "q.block_property('bt:head_rotation') == '2925' && (q.block_property('bt:head_side') == 0 || q.block_property('bt:head_side') == 1 || q.block_property('bt:head_side') == 6)",
				"components": {
					"minecraft:geometry": "geometry.hw_fan_2925"
				}
			},
			{
				"condition": "query.block_property('fb:block_status') == 1",
				"components": {
					"minecraft:material_instances": {
						"*": {
							"texture": "fb:hw_fan_off",
							"render_method": "alpha_test",
							"ambient_occlusion": false
						}
					},
					"minecraft:on_interact": {
						"event": "fb:event_on"
					}
				}
			},
			{
				"condition": "query.block_property('fb:block_status') == 2",
				"components": {
					"minecraft:material_instances": {
						"*": {
							"texture": "fb:hw_fan",
							"render_method": "alpha_test",
							"ambient_occlusion": false
						}
					},
					"minecraft:ticking": {
						"looping": true,
						"range": [
							0.9,
							0.9
						],
						"on_tick": {
							"event": "fb:event_alarm"
						}
					},
					"minecraft:on_interact": {
						"event": "fb:event_off"
					}
				}
			}
		]
	}
}