{
	"format_version": "1.16.100",
	"minecraft:block": {
		"description": {
			"identifier": "fb:light_2",
			"properties": {
				"p:facing": [
					0,
					1,
					2,
					3,
					4,
					5
				],
				"p:is_lit": [
					false,
					true
				]
			}
		},
		"permutations": [
			{
				"condition": "q.block_property('p:facing') == 0",
				"components": {
					"minecraft:geometry": "geometry.light_2",
					"minecraft:aim_collision": {
						"origin": [
							-6,
							0,
							-6
						],
						"size": [
							12,
							16,
							12
						]
					},
					"minecraft:entity_collision": {
						"origin": [
							-6,
							0,
							-6
						],
						"size": [
							12,
							16,
							12
						]
					}
				}
			},
			{
				"condition": "q.block_property('p:facing') == 1",
				"components": {
					"minecraft:geometry": "geometry.light_2",
					"minecraft:aim_collision": {
						"origin": [
							-6,
							0,
							-6
						],
						"size": [
							12,
							16,
							12
						]
					},
					"minecraft:entity_collision": {
						"origin": [
							-6,
							0,
							-6
						],
						"size": [
							12,
							16,
							12
						]
					}
				}
			},
			{
				"condition": "q.block_property('p:facing') == 2",
				"components": {
					"minecraft:geometry": "geometry.light_2",
					"minecraft:aim_collision": {
						"origin": [
							-6,
							0,
							-6
						],
						"size": [
							12,
							16,
							12
						]
					},
					"minecraft:entity_collision": {
						"origin": [
							-6,
							0,
							-6
						],
						"size": [
							12,
							16,
							12
						]
					},
					"minecraft:rotation": [
						0,
						0,
						0
					]
				}
			},
			{
				"condition": "q.block_property('p:facing') == 3",
				"components": {
					"minecraft:geometry": "geometry.light_2",
					"minecraft:aim_collision": {
						"origin": [
							-6,
							0,
							-6
						],
						"size": [
							12,
							16,
							12
						]
					},
					"minecraft:entity_collision": {
						"origin": [
							-6,
							0,
							-6
						],
						"size": [
							12,
							16,
							12
						]
					},
					"minecraft:rotation": [
						0,
						180,
						0
					]
				}
			},
			{
				"condition": "q.block_property('p:facing') == 4",
				"components": {
					"minecraft:geometry": "geometry.light_2",
					"minecraft:aim_collision": {
						"origin": [
							-6,
							0,
							-6
						],
						"size": [
							12,
							16,
							12
						]
					},
					"minecraft:entity_collision": {
						"origin": [
							-6,
							0,
							-6
						],
						"size": [
							12,
							16,
							12
						]
					},
					"minecraft:rotation": [
						0,
						90,
						0
					]
				}
			},
			{
				"condition": "q.block_property('p:facing') == 5",
				"components": {
					"minecraft:geometry": "geometry.light_2",
					"minecraft:aim_collision": {
						"origin": [
							-6,
							13,
							-6
						],
						"size": [
							12,
							4,
							12
						]
					},
					"minecraft:entity_collision": {
						"origin": [
							-6,
							13,
							-6
						],
						"size": [
							12,
							4,
							12
						]
					},
					"minecraft:rotation": [
						0,
						270,
						0
					]
				}
			},
			{
				"condition": "(1.0)",
				"components": {
					"minecraft:material_instances": {
						"*": {
							"texture": "fb_light_2",
							"render_method": "alpha_test"
						}
					}
				}
			},
			{
				"condition": "!q.block_property('p:is_lit')",
				"components": {
					"minecraft:block_light_emission": 0
				}
			},
			{
				"condition": "q.block_property('p:is_lit')",
				"components": {
					"minecraft:block_light_emission": 0.7,
					"minecraft:material_instances": {
						"*": {
							"texture": "fb_light_2",
							"render_method": "blend",
							"face_dimming": false,
							"ambient_occlusion": false
						},
						"base": {
							"texture": "fb_light_2",
							"render_method": "alpha_test"
						}
					}
				}
			}
		],
		"components": {
			"minecraft:display_name": "fb:light_2",
			"minecraft:creative_category": {
				"category": "construction",
				"group": "itemGroup.name.Construction"
			},
			"minecraft:map_color": "#feffdc",
			"minecraft:destroy_time": 1.5,
			"minecraft:explosion_resistance": 1.5,
			"minecraft:block_light_absorption": 0,
			"minecraft:breathability": "air",
			"minecraft:flammable": {
				"flame_odds": 20,
				"burn_odds": 20
			},
			"minecraft:on_player_placing": {
				"event": "e:set.facing"
			},
			"minecraft:on_interact": {
				"event": "e:toggle"
			}
		},
		"events": {
			"e:set.facing": {
				"set_block_property": {
					"p:facing": "q.block_face"
				}
			},
			"e:toggle": {
				"set_block_property": {
					"p:is_lit": "!q.block_property('p:is_lit')"
				}
			}
		}
	}
}