{
	"format_version": "1.16.100",
	"minecraft:block": {
		"description": {
			"identifier": "fb:light_off",
			"is_experimental": false
		},
		"components": {
			"minecraft:destroy_time": 3,
			"minecraft:block_light_filter": 0,
			"minecraft:block_light_emission": 0,
			"minecraft:explosion_resistance": 0.3,
			"minecraft:material_instances": {
				"*": {
					"texture": "light_off",
					"render_method": "alpha_test",
					"face_dimming": false
				}
			},
			"minecraft:geometry": "geometry.light_1",
			"minecraft:aim_collision": {
				"origin": [
					-8,
					16,
					-8
				],
				"size": [
					16,
					-1,
					16
				]
			},
			"minecraft:block_collision": {
				"origin": [
					-8,
					16,
					-8
				],
				"size": [
					16,
					-1,
					16
				]
			},
			"minecraft:placement_filter": {
				"conditions": [
					{
						"allowed_faces": [
							"down"
						],
						"block_filter": [
							{
								"tags": "!q.any_tag('non_full')"
							}
						]
					}
				]
			},
			"tag:non_full": {},
			"minecraft:on_player_placing": {
				"event": "fb:block_rotation"
			},
			"minecraft:rotation": [
				0,
				0,
				0
			],
			"minecraft:creative_category": {
				"group": "construction",
				"category": "construction"
			}
		}
	}
}