{
	"format_version": "1.20.30",
	"minecraft:block": {
		"description": {
			"identifier": "fb:pirate_cove_sign",
			"menu_category": {
				"category": "construction"
			},
			"traits": {
				"minecraft:placement_position": {
					"enabled_states": [
						"minecraft:block_face"
					]
				}
			},
			"states": {
				"fd:rotation": {
					"values": {
						"min": 0,
						"max": 15
					}
				}
			}
		},
		"components": {
			"minecraft:collision_box": {
				"origin": [
					-8,
					0,
					-1
				],
				"size": [
					16,
					16,
					2
				]
			},
			"minecraft:selection_box": {
				"origin": [
					-8,
					0,
					-1
				],
				"size": [
					16,
					16,
					2
				]
			},
			"minecraft:geometry": {
				"identifier": "geometry.pirate_cove_sign",
				"bone_visibility": {
					"up_0": "q.block_state('minecraft:block_face') == 'up' && !math.mod(q.block_state('fd:rotation'), 4)",
					"up_22_5": "q.block_state('minecraft:block_face') == 'up' && !math.mod(q.block_state('fd:rotation') - 1, 4)",
					"up_45": "q.block_state('minecraft:block_face') == 'up' && !math.mod(q.block_state('fd:rotation') - 2, 4)",
					"up_67_5": "q.block_state('minecraft:block_face') == 'up' && !math.mod(q.block_state('fd:rotation') - 3, 4)",
					"side": "q.block_state('minecraft:block_face') != 'up'"
				}
			},
			"minecraft:material_instances": {
				"*": {
					"texture": "pcs1",
					"render_method": "alpha_test"
				}
			},
			"minecraft:placement_filter": {
				"conditions": [
					{
						"allowed_faces": [
							"up",
							"side"
						]
					}
				]
			},
			"minecraft:on_player_placing": {
				"condition": "q.block_face==1",
				"event": "fd:set_rotation"
			}
		},
		"events": {
			"fd:set_rotation": {
				"set_block_state": {
					"fd:rotation": "t.positive_head_rot = q.head_y_rotation(0) + 360 * (q.head_y_rotation(0) != math.abs(q.head_y_rotation(0))); t.block_rotation = math.round(t.positive_head_rot / 22.5); return t.block_rotation != 16 ? t.block_rotation;"
				}
			}
		},
		"permutations": [
			{
				"condition": "q.block_state('fd:rotation') >= 4 || q.block_state('minecraft:block_face') == 'east'",
				"components": {
					"minecraft:transformation": {
						"rotation": [
							0,
							-90,
							0
						]
					}
				}
			},
			{
				"condition": "q.block_state('fd:rotation') >= 8 || q.block_state('minecraft:block_face') == 'south'",
				"components": {
					"minecraft:transformation": {
						"rotation": [
							0,
							180,
							0
						]
					}
				}
			},
			{
				"condition": "q.block_state('fd:rotation') >= 12 || q.block_state('minecraft:block_face') == 'west'",
				"components": {
					"minecraft:transformation": {
						"rotation": [
							0,
							90,
							0
						]
					}
				}
			},
			{
				"condition": "q.block_state('minecraft:block_face') != 'up'",
				"components": {
					"minecraft:collision_box": {
						"origin": [
							-8,
							0,
							-1
						],
						"size": [
							16,
							16,
							2
						]
					},
					"minecraft:selection_box": {
						"origin": [
							-8,
							0,
							-1
						],
						"size": [
							16,
							16,
							2
						]
					}
				}
			}
		]
	}
}