{
	"format_version": "1.20.30",
	"minecraft:block": {
		"description": {
			"identifier": "fb:foxy_plush",
			"menu_category": {
				"category": "construction"
			},
			"traits": {
				"minecraft:placement_position": {
					"enabled_states": [
						"minecraft:block_face"
					]
				}
			},
			"states": {
				"fd:rotation": {
					"values": {
						"min": 0,
						"max": 15
					}
				},
				"p:var": {
					"values": {
						"min": 0,
						"max": 3
					}
				}
			}
		},
		"components": {
			"minecraft:collision_box": {
				"origin": [
					-4,
					0,
					-2
				],
				"size": [
					7,
					13,
					6
				]
			},
			"minecraft:selection_box": {
				"origin": [
					-4,
					0,
					-2
				],
				"size": [
					7,
					13,
					6
				]
			},
			"minecraft:loot": "loot_tables/foxy_plushy.json",
			"minecraft:geometry": {
				"identifier": "geometry.foxy_plushy",
				"bone_visibility": {
					"up_0": "q.block_state('minecraft:block_face') == 'up' && !math.mod(q.block_state('fd:rotation'), 4)",
					"up_22_5": "q.block_state('minecraft:block_face') == 'up' && !math.mod(q.block_state('fd:rotation') - 1, 4)",
					"up_45": "q.block_state('minecraft:block_face') == 'up' && !math.mod(q.block_state('fd:rotation') - 2, 4)",
					"up_67_5": "q.block_state('minecraft:block_face') == 'up' && !math.mod(q.block_state('fd:rotation') - 3, 4)",
					"side": "q.block_state('minecraft:block_face') != 'up'"
				}
			},
			"minecraft:material_instances": {
				"*": {
					"texture": "foxy_plush",
					"render_method": "alpha_test"
				},
				"lit": {
					"texture": "freddy_plush",
					"render_method": "alpha_test"
				}
			},
			"minecraft:placement_filter": {
				"conditions": [
					{
						"allowed_faces": [
							"up",
							"side"
						]
					}
				]
			},
			"minecraft:on_player_placing": {
				"condition": "q.block_face==1",
				"event": "fd:set_rotation"
			}
		},
		"events": {
			"fd:set_rotation": {
				"set_block_state": {
					"fd:rotation": "t.positive_head_rot = q.head_y_rotation(0) + 360 * (q.head_y_rotation(0) != math.abs(q.head_y_rotation(0))); t.block_rotation = math.round(t.positive_head_rot / 22.5); return t.block_rotation != 16 ? t.block_rotation;"
				}
			},
			"e:add.var": {
				"sequence": [
					{
						"condition": "!q.is_sneaking",
						"decrement_stack": {},
						"set_block_state": {
							"p:var": 1
						},
						"run_command": {
							"target": "self",
							"command": [
								"gamerule sendcommandfeedback false",
								"playsound fb:freddy_noze @a[r=5] ~~~ 5"
							]
						}
					}
				]
			},
			"e:remove.var": {
				"sequence": [
					{
						"set_block_state": {
							"p:var": 0
						},
						"run_command": {
							"command": [
								""
							]
						}
					},
					{
						"condition": "q.block_state('p:var')==1",
						"run_command": {
							"target": "self",
							"command": [
								"gamerule sendcommandfeedback false",
								"playsound fb:freddy_noze @a[r=5] ~~~ 5"
							]
						}
					}
				]
			}
		},
		"permutations": [
			{
				"condition": "q.block_state('fd:rotation') >= 4 || q.block_state('minecraft:block_face') == 'east'",
				"components": {
					"minecraft:transformation": {
						"rotation": [
							0,
							-90,
							0
						]
					}
				}
			},
			{
				"condition": "q.block_state('fd:rotation') >= 8 || q.block_state('minecraft:block_face') == 'south'",
				"components": {
					"minecraft:transformation": {
						"rotation": [
							0,
							180,
							0
						]
					}
				}
			},
			{
				"condition": "q.block_state('fd:rotation') >= 12 || q.block_state('minecraft:block_face') == 'west'",
				"components": {
					"minecraft:transformation": {
						"rotation": [
							0,
							90,
							0
						]
					}
				}
			},
			{
				"condition": "q.block_state('minecraft:block_face') != 'up'",
				"components": {
					"minecraft:collision_box": {
						"origin": [
							-4,
							0,
							-2
						],
						"size": [
							7,
							13,
							6
						]
					},
					"minecraft:selection_box": {
						"origin": [
							-4,
							0,
							-2
						],
						"size": [
							7,
							13,
							6
						]
					}
				}
			},
			{
				"condition": "q.block_state('p:var') == 0",
				"components": {
					"minecraft:on_interact": {
						"condition": "!q.is_sneaking",
						"event": "e:add.var"
					}
				}
			},
			{
				"condition": "q.block_state('p:var') == 1",
				"components": {
					"minecraft:on_interact": {
						"condition": "!q.is_sneaking",
						"event": "e:remove.var"
					}
				}
			}
		]
	}
}