{
	"format_version": "1.16.100",
	"minecraft:block": {
		"description": {
			"identifier": "fb:stage_plate_bonnie",
			"category": "construction",
			"properties": {
				"block:rotation": [
					1,
					2,
					3,
					4,
					5
				]
			}
		},
		"components": {
			"minecraft:destroy_time": 0.3,
			"minecraft:friction": 0.7,
			"minecraft:map_color": "#C6BEDB",
			"minecraft:explosion_resistance": 1,
			"minecraft:flammable": {
				"flame_odds": 1,
				"burn_odds": 1
			},
			"minecraft:block_light_absorption": 0,
			"minecraft:block_light_emission": 0,
			"minecraft:on_player_placing": {
				"event": "set_position_1",
				"target": "self"
			},
			"minecraft:material_instances": {
				"*": {
					"texture": "stage_plate_b",
					"render_method": "opaque"
				}
			},
			"minecraft:geometry": "geometry.stage_plate",
			"minecraft:entity_collision": {
				"origin": [
					0,
					0,
					0
				],
				"size": [
					0,
					0,
					0
				]
			},
			"minecraft:pick_collision": {
				"origin": [
					0,
					0,
					0
				],
				"size": [
					0,
					0,
					0
				]
			},
			"minecraft:creative_category": {
				"category": "construction",
				"group": "itemGroup.name.construction"
			}
		},
		"events": {
			"set_position_1": {
				"run_command": {
					"command": [
						"summon fb:stage_plate_bonnie_bunny",
						"function bonnie_text"
					],
					"target": "block"
				}
			}
		},
		"permutations": [
			{
				"condition": "query.block_property('block:rotation') == 2",
				"components": {
					"minecraft:rotation": [
						0,
						-180,
						0
					]
				}
			},
			{
				"condition": "query.block_property('block:rotation') == 3",
				"components": {
					"minecraft:rotation": [
						0,
						0,
						0
					]
				}
			},
			{
				"condition": "query.block_property('block:rotation') == 4",
				"components": {
					"minecraft:rotation": [
						0,
						-90,
						0
					]
				}
			},
			{
				"condition": "query.block_property('block:rotation') == 5",
				"components": {
					"minecraft:rotation": [
						0,
						90,
						0
					]
				}
			}
		]
	}
}