{
	"format_version": "1.16.100",
	"minecraft:block": {
		"description": {
			"identifier": "fb:speakers_left",
			"properties": {
				"fb:head_side": [
					0,
					1,
					2,
					3,
					4,
					5,
					6
				],
				"fb:head_rotation": [
					"2700",
					"2475",
					"2250",
					"2025",
					"1800",
					"1575",
					"1350",
					"1125",
					"900",
					"675",
					"450",
					"225",
					"stage_speakers_base",
					"3375",
					"3150",
					"2925"
				],
				"fb:channel": [
					0,
					1,
					2,
					3,
					4,
					5,
					6,
					7,
					8,
					9,
					10,
					11,
					12,
					13,
					14
				]
			}
		},
		"components": {
			"minecraft:geometry": "geometry.stage_speakers_base",
			"minecraft:material_instances": {
				"*": {
					"texture": "new_speakers",
					"render_method": "alpha_test"
				}
			},
			"minecraft:creative_category": {
				"group": "construction",
				"category": "construction"
			},
			"minecraft:entity_collision": {
				"origin": [
					-8,
					0,
					-8
				],
				"size": [
					16,
					16,
					16
				]
			},
			"minecraft:pick_collision": {
				"origin": [
					-8,
					0,
					-8
				],
				"size": [
					16,
					16,
					16
				]
			},
			"minecraft:destroy_time": 1,
			"minecraft:block_light_filter": 0,
			"minecraft:on_player_placing": {
				"event": "set_side"
			}
		},
		"events": {
			"set_side": {
				"sequence": [
					{
						"set_block_property": {
							"fb:head_side": "q.block_face"
						}
					},
					{
						"set_block_property": {
							"fb:channel": 0
						}
					},
					{
						"set_block_property": {
							"fb:head_rotation": "((q.head_y_rotation(0) >= -11.5 && q.head_y_rotation(0) < 0.0) ? 'stage_speakers_base' :((q.head_y_rotation(0) >= 0.0 && q.head_y_rotation(0) < 11.5) ? 'stage_speakers_base' :((q.head_y_rotation(0) >= 11.5 && q.head_y_rotation(0) < 34.5) ? '225' :((q.head_y_rotation(0) >= 34.5 && q.head_y_rotation(0) < 56.5) ? '450' :((q.head_y_rotation(0) >= 56.5 && q.head_y_rotation(0) < 79.5) ? '675' :((q.head_y_rotation(0) >= 79.5 && q.head_y_rotation(0) < 101.5) ? '900' :((q.head_y_rotation(0) >= 101.5 && q.head_y_rotation(0) < 123.5) ? '1125' :((q.head_y_rotation(0) >= 123.5 && q.head_y_rotation(0) < 146.5) ? '1350' :((q.head_y_rotation(0) >= 146.5 && q.head_y_rotation(0) < 169.5) ? '1575' :((q.head_y_rotation(0) >= 169.5 && q.head_y_rotation(0) < 180.0) ? '1800' :((q.head_y_rotation(0) >= -180.0 && q.head_y_rotation(0) < -169.5) ? '1800' :((q.head_y_rotation(0) >= -169.5 && q.head_y_rotation(0) < -146.5) ? '2025' :((q.head_y_rotation(0) >= -146.5 && q.head_y_rotation(0) < -123.5) ? '2250' :((q.head_y_rotation(0) >= -123.5 && q.head_y_rotation(0) < -101.5) ? '2475' :((q.head_y_rotation(0) >= -101.5 && q.head_y_rotation(0) < -79.5) ? '2700' :((q.head_y_rotation(0) >= -79.5 && q.head_y_rotation(0) < -56.5) ? '2925' :((q.head_y_rotation(0) >= -56.5 && q.head_y_rotation(0) < -34.5) ? '3150' :((q.head_y_rotation(0) >= -34.5 && q.head_y_rotation(0) < -11.5) ? '3375' : 'stage_speakers_base'))))))))))))))))))"
						}
					}
				]
			},
			"fb:event_off": {
				"sequence": [
					{
						"set_block_property": {
							"fb:channel": 0
						}
					},
					{
						"run_command": {
							"target": "self",
							"command": [
								"gamerule sendcommandfeedback false",
								"playsound random.click @p ~~~ 1 2",
								"particle fd:stage_notes_deny ~ ~ ~",
								"playsound random.fizz @a[r=15] ~~~ 40",
								"music stop 1"
							]
						}
					},
					{
						"run_command": {
							"target": "other",
							"command": [
								"title @s actionbar §7The speakers were turned... §l§c[OFF]"
							]
						}
					}
				]
			},
			"fb:switch_1": {
				"sequence": [
					{
						"condition": "q.is_sneaking",
						"trigger": {
							"event": "fb:event_off",
							"target": "self"
						}
					},
					{
						"condition": "!q.is_sneaking",
						"trigger": {
							"event": "fb:channel_1",
							"target": "self"
						}
					}
				]
			},
			"fb:switch_2": {
				"sequence": [
					{
						"condition": "q.is_sneaking",
						"trigger": {
							"event": "fb:event_off",
							"target": "self"
						}
					},
					{
						"condition": "!q.is_sneaking",
						"trigger": {
							"event": "fb:channel_2",
							"target": "self"
						}
					}
				]
			},
			"fb:switch_3": {
				"sequence": [
					{
						"condition": "q.is_sneaking",
						"trigger": {
							"event": "fb:event_off",
							"target": "self"
						}
					},
					{
						"condition": "!q.is_sneaking",
						"trigger": {
							"event": "fb:channel_3",
							"target": "self"
						}
					}
				]
			},
			"fb:switch_4": {
				"sequence": [
					{
						"condition": "q.is_sneaking",
						"trigger": {
							"event": "fb:event_off",
							"target": "self"
						}
					},
					{
						"condition": "!q.is_sneaking",
						"trigger": {
							"event": "fb:channel_4",
							"target": "self"
						}
					}
				]
			},
			"fb:switch_5": {
				"sequence": [
					{
						"condition": "q.is_sneaking",
						"trigger": {
							"event": "fb:event_off",
							"target": "self"
						}
					},
					{
						"condition": "!q.is_sneaking",
						"trigger": {
							"event": "fb:channel_5",
							"target": "self"
						}
					}
				]
			},
			"fb:switch_6": {
				"sequence": [
					{
						"condition": "q.is_sneaking",
						"trigger": {
							"event": "fb:event_off",
							"target": "self"
						}
					},
					{
						"condition": "!q.is_sneaking",
						"trigger": {
							"event": "fb:channel_6",
							"target": "self"
						}
					}
				]
			},
			"fb:switch_7": {
				"sequence": [
					{
						"condition": "q.is_sneaking",
						"trigger": {
							"event": "fb:event_off",
							"target": "self"
						}
					},
					{
						"condition": "!q.is_sneaking",
						"trigger": {
							"event": "fb:channel_7",
							"target": "self"
						}
					}
				]
			},
			"fb:switch_8": {
				"sequence": [
					{
						"condition": "q.is_sneaking",
						"trigger": {
							"event": "fb:event_off",
							"target": "self"
						}
					},
					{
						"condition": "!q.is_sneaking",
						"trigger": {
							"event": "fb:channel_8",
							"target": "self"
						}
					}
				]
			},
			"fb:switch_9": {
				"sequence": [
					{
						"condition": "q.is_sneaking",
						"trigger": {
							"event": "fb:event_off",
							"target": "self"
						}
					},
					{
						"condition": "!q.is_sneaking",
						"trigger": {
							"event": "fb:channel_9",
							"target": "self"
						}
					}
				]
			},
			"fb:switch_10": {
				"sequence": [
					{
						"condition": "q.is_sneaking",
						"trigger": {
							"event": "fb:event_off",
							"target": "self"
						}
					},
					{
						"condition": "!q.is_sneaking",
						"trigger": {
							"event": "fb:channel_10",
							"target": "self"
						}
					}
				]
			},
			"fb:switch_11": {
				"sequence": [
					{
						"condition": "q.is_sneaking",
						"trigger": {
							"event": "fb:event_off",
							"target": "self"
						}
					},
					{
						"condition": "!q.is_sneaking",
						"trigger": {
							"event": "fb:channel_11",
							"target": "self"
						}
					}
				]
			},
			"fb:switch_12": {
				"sequence": [
					{
						"condition": "q.is_sneaking",
						"trigger": {
							"event": "fb:event_off",
							"target": "self"
						}
					},
					{
						"condition": "!q.is_sneaking",
						"trigger": {
							"event": "fb:channel_12",
							"target": "self"
						}
					}
				]
			},
			"fb:switch_13": {
				"sequence": [
					{
						"condition": "q.is_sneaking",
						"trigger": {
							"event": "fb:event_off",
							"target": "self"
						}
					},
					{
						"condition": "!q.is_sneaking",
						"trigger": {
							"event": "fb:channel_13",
							"target": "self"
						}
					}
				]
			},
			"fb:switch_14": {
				"sequence": [
					{
						"condition": "q.is_sneaking",
						"trigger": {
							"event": "fb:event_off",
							"target": "self"
						}
					},
					{
						"condition": "!q.is_sneaking",
						"trigger": {
							"event": "fb:channel_0",
							"target": "self"
						}
					}
				]
			},
			"fb:off_phone": {
				"sequence": [
					{
						"condition": "q.is_sneaking",
						"trigger": {
							"event": "fb:event_off",
							"target": "self"
						}
					},
					{
						"condition": "!q.is_sneaking",
						"trigger": {
							"event": "fb:channel_0",
							"target": "self"
						}
					}
				]
			},
			"fb:channel_0": {
				"sequence": [
					{
						"set_block_property": {
							"fb:channel": 0
						}
					},
					{
						"run_command": {
							"target": "self",
							"command": [
								"gamerule sendcommandfeedback false",
								"playsound random.click @p ~~~ 1 2",
								"particle fd:stage_notes_deny ~ ~ ~",
								"playsound random.fizz @a[r=15] ~~~ 40",
								"music stop 1"
							]
						}
					},
					{
						"run_command": {
							"target": "other",
							"command": [
								"title @s actionbar §7The speakers were turned... §l§c[OFF]"
							]
						}
					}
				]
			},
			"fb:channel_1": {
				"sequence": [
					{
						"set_block_property": {
							"fb:channel": 1
						}
					},
					{
						"run_command": {
							"target": "self",
							"command": [
								"gamerule sendcommandfeedback false",
								"playsound random.click @p ~~~ 1 2",
								"particle fd:stage_notes ~ ~ ~",
								"stopsound @a[r=15] fb5",
								"music play fb1 1 1 loop"
							]
						}
					},
					{
						"run_command": {
							"target": "other",
							"command": [
								"title @s actionbar §7The speaker is playing... §l§f[FNAF 1 Song]"
							]
						}
					}
				]
			},
			"fb:channel_2": {
				"sequence": [
					{
						"set_block_property": {
							"fb:channel": 2
						}
					},
					{
						"run_command": {
							"target": "self",
							"command": [
								"gamerule sendcommandfeedback false",
								"playsound random.click @p ~~~ 1 2",
								"particle fd:stage_notes ~ ~ ~",
								"stopsound @a[r=15] fb5",
								"music play fb2 1 1 loop"
							]
						}
					},
					{
						"run_command": {
							"target": "other",
							"command": [
								"title @s actionbar §7The speaker is playing... §l§f[It's been so long]"
							]
						}
					}
				]
			},
			"fb:channel_3": {
				"sequence": [
					{
						"set_block_property": {
							"fb:channel": 3
						}
					},
					{
						"run_command": {
							"target": "self",
							"command": [
								"gamerule sendcommandfeedback false",
								"playsound random.click @p ~~~ 1 2",
								"particle fd:stage_notes ~ ~ ~",
								"stopsound @a[r=15] fb5",
								"music play fb3 1 1 loop"
							]
						}
					},
					{
						"run_command": {
							"target": "other",
							"command": [
								"title @s actionbar §7The speaker is playing... §l§f[Showtime]"
							]
						}
					}
				]
			},
			"fb:channel_4": {
				"sequence": [
					{
						"set_block_property": {
							"fb:channel": 4
						}
					},
					{
						"run_command": {
							"target": "self",
							"command": [
								"gamerule sendcommandfeedback false",
								"playsound random.click @p ~~~ 1 2",
								"particle fd:stage_notes ~ ~ ~",
								"stopsound @a[r=15] fb5",
								"music play fb4 1 1 loop"
							]
						}
					},
					{
						"run_command": {
							"target": "other",
							"command": [
								"title @s actionbar §7The speaker is playing... §l§f[Music Box 1]"
							]
						}
					}
				]
			},
			"fb:channel_5": {
				"sequence": [
					{
						"set_block_property": {
							"fb:channel": 5
						}
					},
					{
						"run_command": {
							"target": "self",
							"command": [
								"gamerule sendcommandfeedback false",
								"playsound random.click @p ~~~ 1 2",
								"particle fd:stage_notes ~ ~ ~",
								"stopsound @a[r=15] fb5",
								"music play fb5 1 1 loop"
							]
						}
					},
					{
						"run_command": {
							"target": "other",
							"command": [
								"title @s actionbar §7The speaker is playing... §l§f[Music Box 2]"
							]
						}
					}
				]
			},
			"fb:channel_6": {
				"sequence": [
					{
						"set_block_property": {
							"fb:channel": 6
						}
					},
					{
						"run_command": {
							"target": "self",
							"command": [
								"gamerule sendcommandfeedback false",
								"playsound random.click @p ~~~ 1 2",
								"particle fd:stage_notes ~ ~ ~",
								"stopsound @a[r=15] fb5",
								"music play fb6 1 1 loop"
							]
						}
					},
					{
						"run_command": {
							"target": "other",
							"command": [
								"title @s actionbar §7The speaker is playing... §l§f[Birthday]"
							]
						}
					}
				]
			},
			"fb:channel_7": {
				"sequence": [
					{
						"set_block_property": {
							"fb:channel": 7
						}
					},
					{
						"run_command": {
							"target": "self",
							"command": [
								"gamerule sendcommandfeedback false",
								"playsound random.click @p ~~~ 1 2",
								"particle fd:stage_notes ~ ~ ~",
								"stopsound @a[r=15] fb5",
								"music play fb7 1 1 loop"
							]
						}
					},
					{
						"run_command": {
							"target": "other",
							"command": [
								"title @s actionbar §7The speaker is playing... §l§f[Stage Performance]"
							]
						}
					}
				]
			},
			"fb:channel_8": {
				"sequence": [
					{
						"set_block_property": {
							"fb:channel": 8
						}
					},
					{
						"run_command": {
							"target": "self",
							"command": [
								"gamerule sendcommandfeedback false",
								"playsound random.click @p ~~~ 1 2",
								"particle fd:stage_notes ~ ~ ~",
								"stopsound @a[r=15] fb5",
								"music play fb8 1 1 loop"
							]
						}
					},
					{
						"run_command": {
							"target": "other",
							"command": [
								"title @s actionbar §7The speaker is playing... §l§f[I cant fix you]"
							]
						}
					}
				]
			},
			"fb:channel_9": {
				"sequence": [
					{
						"set_block_property": {
							"fb:channel": 9
						}
					},
					{
						"run_command": {
							"target": "self",
							"command": [
								"gamerule sendcommandfeedback false",
								"playsound random.click @p ~~~ 1 2",
								"particle fd:stage_notes ~ ~ ~",
								"stopsound @a[r=15] fb5",
								"music play fb9 1 1 loop"
							]
						}
					},
					{
						"run_command": {
							"target": "other",
							"command": [
								"title @s actionbar §7The speaker is playing... §l§f[Never be alone]"
							]
						}
					}
				]
			},
			"fb:channel_10": {
				"sequence": [
					{
						"set_block_property": {
							"fb:channel": 10
						}
					},
					{
						"run_command": {
							"target": "self",
							"command": [
								"gamerule sendcommandfeedback false",
								"playsound random.click @p ~~~ 1 2",
								"particle fd:stage_notes ~ ~ ~",
								"stopsound @a[r=15] fb5",
								"music play fb10 1 1 loop"
							]
						}
					},
					{
						"run_command": {
							"target": "other",
							"command": [
								"title @s actionbar §7The speaker is playing... §l§f[Bad Ending FNAF 3]"
							]
						}
					}
				]
			},
			"fb:channel_11": {
				"sequence": [
					{
						"set_block_property": {
							"fb:channel": 11
						}
					},
					{
						"run_command": {
							"target": "self",
							"command": [
								"gamerule sendcommandfeedback false",
								"playsound random.click @p ~~~ 1 2",
								"particle fd:stage_notes ~ ~ ~",
								"stopsound @a[r=15] fb5",
								"music play fb11 1 1 loop"
							]
						}
					},
					{
						"run_command": {
							"target": "other",
							"command": [
								"title @s actionbar §7The speaker is playing... §l§f[Creepin Towards The Door]"
							]
						}
					}
				]
			},
			"fb:channel_12": {
				"sequence": [
					{
						"set_block_property": {
							"fb:channel": 12
						}
					},
					{
						"run_command": {
							"target": "self",
							"command": [
								"gamerule sendcommandfeedback false",
								"playsound random.click @p ~~~ 1 2",
								"particle fd:stage_notes ~ ~ ~",
								"stopsound @a[r=15] fb5",
								"music play fb12 1 1 loop"
							]
						}
					},
					{
						"run_command": {
							"target": "other",
							"command": [
								"title @s actionbar §7The speaker is playing... §l§f[Showcase Instrumental]"
							]
						}
					}
				]
			},
			"fb:channel_13": {
				"sequence": [
					{
						"set_block_property": {
							"fb:channel": 13
						}
					},
					{
						"run_command": {
							"target": "self",
							"command": [
								"gamerule sendcommandfeedback false",
								"playsound random.click @p ~~~ 1 2",
								"particle fd:stage_notes ~ ~ ~",
								"stopsound @a[r=15] fb5",
								"music play fb13 1 1 loop"
							]
						}
					},
					{
						"run_command": {
							"target": "other",
							"command": [
								"title @s actionbar §7The speaker is playing... §l§f[Follow Me]"
							]
						}
					}
				]
			},
			"note_particles": {
				"sequence": [
					{
						"run_command": {
							"target": "self",
							"command": [
								"particle fd:stage_notes ~ ~ ~"
							]
						}
					}
				]
			}
		},
		"permutations": [
			{
				"condition": "q.block_property('fb:head_side') == 2",
				"components": {
					"minecraft:rotation": [
						0,
						0,
						0
					],
					"minecraft:geometry": "geometry.stage_speakers_wall",
					"minecraft:entity_collision": {
						"origin": [
							-4,
							4,
							0
						],
						"size": [
							8,
							8,
							8
						]
					},
					"minecraft:pick_collision": {
						"origin": [
							-4,
							4,
							0
						],
						"size": [
							8,
							8,
							8
						]
					}
				}
			},
			{
				"condition": "q.block_property('fb:head_side') == 3",
				"components": {
					"minecraft:rotation": [
						0,
						180,
						0
					],
					"minecraft:geometry": "geometry.stage_speakers_wall",
					"minecraft:entity_collision": {
						"origin": [
							-4,
							4,
							0
						],
						"size": [
							8,
							8,
							8
						]
					},
					"minecraft:pick_collision": {
						"origin": [
							-4,
							4,
							0
						],
						"size": [
							8,
							8,
							8
						]
					}
				}
			},
			{
				"condition": "q.block_property('fb:head_side') == 4",
				"components": {
					"minecraft:rotation": [
						0,
						90,
						0
					],
					"minecraft:geometry": "geometry.stage_speakers_wall",
					"minecraft:entity_collision": {
						"origin": [
							-4,
							4,
							0
						],
						"size": [
							8,
							8,
							8
						]
					},
					"minecraft:pick_collision": {
						"origin": [
							-4,
							4,
							0
						],
						"size": [
							8,
							8,
							8
						]
					}
				}
			},
			{
				"condition": "q.block_property('fb:head_side') == 5",
				"components": {
					"minecraft:rotation": [
						0,
						270,
						0
					],
					"minecraft:geometry": "geometry.stage_speakers_wall",
					"minecraft:entity_collision": {
						"origin": [
							-4,
							4,
							0
						],
						"size": [
							8,
							8,
							8
						]
					},
					"minecraft:pick_collision": {
						"origin": [
							-4,
							4,
							0
						],
						"size": [
							8,
							8,
							8
						]
					}
				}
			},
			{
				"condition": "q.block_property('fb:head_rotation') == '2700' && q.block_property('fb:head_side') == 0",
				"components": {
					"minecraft:geometry": "geometry.stage_speakers_2700",
					"minecraft:rotation": [
						0,
						90,
						0
					]
				}
			},
			{
				"condition": "q.block_property('fb:head_rotation') == '2700' && (q.block_property('fb:head_side') == 1 || q.block_property('fb:head_side') == 6)",
				"components": {
					"minecraft:geometry": "geometry.stage_speakers_2700"
				}
			},
			{
				"condition": "q.block_property('fb:head_rotation') == '2475' && (q.block_property('fb:head_side') == 0 || q.block_property('fb:head_side') == 1 || q.block_property('fb:head_side') == 6)",
				"components": {
					"minecraft:geometry": "geometry.stage_speakers_2475"
				}
			},
			{
				"condition": "q.block_property('fb:head_rotation') == '2250' && (q.block_property('fb:head_side') == 0 || q.block_property('fb:head_side') == 1 || q.block_property('fb:head_side') == 6)",
				"components": {
					"minecraft:geometry": "geometry.stage_speakers_2250"
				}
			},
			{
				"condition": "q.block_property('fb:head_rotation') == '2025' && (q.block_property('fb:head_side') == 0 || q.block_property('fb:head_side') == 1 || q.block_property('fb:head_side') == 6)",
				"components": {
					"minecraft:geometry": "geometry.stage_speakers_2025"
				}
			},
			{
				"condition": "q.block_property('fb:head_rotation') == '1800' && (q.block_property('fb:head_side') == 0 || q.block_property('fb:head_side') == 1 || q.block_property('fb:head_side') == 6)",
				"components": {
					"minecraft:geometry": "geometry.stage_speakers_1800"
				}
			},
			{
				"condition": "q.block_property('fb:head_rotation') == '1575' && (q.block_property('fb:head_side') == 0 || q.block_property('fb:head_side') == 1 || q.block_property('fb:head_side') == 6)",
				"components": {
					"minecraft:geometry": "geometry.stage_speakers_1575"
				}
			},
			{
				"condition": "q.block_property('fb:head_rotation') == '1350' && (q.block_property('fb:head_side') == 0 || q.block_property('fb:head_side') == 1 || q.block_property('fb:head_side') == 6)",
				"components": {
					"minecraft:geometry": "geometry.stage_speakers_1350"
				}
			},
			{
				"condition": "q.block_property('fb:head_rotation') == '1125' && (q.block_property('fb:head_side') == 0 || q.block_property('fb:head_side') == 1 || q.block_property('fb:head_side') == 6)",
				"components": {
					"minecraft:geometry": "geometry.stage_speakers_1125"
				}
			},
			{
				"condition": "q.block_property('fb:head_rotation') == '900' && (q.block_property('fb:head_side') == 0 || q.block_property('fb:head_side') == 1 || q.block_property('fb:head_side') == 6)",
				"components": {
					"minecraft:geometry": "geometry.stage_speakers_900"
				}
			},
			{
				"condition": "q.block_property('fb:head_rotation') == '675' && (q.block_property('fb:head_side') == 0 || q.block_property('fb:head_side') == 1 || q.block_property('fb:head_side') == 6)",
				"components": {
					"minecraft:geometry": "geometry.stage_speakers_675"
				}
			},
			{
				"condition": "q.block_property('fb:head_rotation') == '450' && (q.block_property('fb:head_side') == 0 || q.block_property('fb:head_side') == 1 || q.block_property('fb:head_side') == 6)",
				"components": {
					"minecraft:geometry": "geometry.stage_speakers_450"
				}
			},
			{
				"condition": "q.block_property('fb:head_rotation') == '225' && (q.block_property('fb:head_side') == 0 || q.block_property('fb:head_side') == 1 || q.block_property('fb:head_side') == 6)",
				"components": {
					"minecraft:geometry": "geometry.stage_speakers_225"
				}
			},
			{
				"condition": "q.block_property('fb:head_rotation') == 'stage_speakers_base' && (q.block_property('fb:head_side') == 0 || q.block_property('fb:head_side') == 1 || q.block_property('fb:head_side') == 6)",
				"components": {
					"minecraft:geometry": "geometry.stage_speakers_base"
				}
			},
			{
				"condition": "q.block_property('fb:head_rotation') == '3375' && (q.block_property('fb:head_side') == 0 || q.block_property('fb:head_side') == 1 || q.block_property('fb:head_side') == 6)",
				"components": {
					"minecraft:geometry": "geometry.stage_speakers_3375"
				}
			},
			{
				"condition": "q.block_property('fb:head_rotation') == '3150' && (q.block_property('fb:head_side') == 0 || q.block_property('fb:head_side') == 1 || q.block_property('fb:head_side') == 6)",
				"components": {
					"minecraft:geometry": "geometry.stage_speakers_3150"
				}
			},
			{
				"condition": "q.block_property('fb:head_rotation') == '2925' && (q.block_property('fb:head_side') == 0 || q.block_property('fb:head_side') == 1 || q.block_property('fb:head_side') == 6)",
				"components": {
					"minecraft:geometry": "geometry.stage_speakers_2925"
				}
			},
			{
				"condition": "q.block_property('fb:channel') == 0",
				"components": {
					"minecraft:on_interact": {
						"event": "fb:switch_1"
					},
					"minecraft:material_instances": {
						"*": {
							"texture": "new_speakers",
							"render_method": "alpha_test"
						}
					},
					"minecraft:on_player_destroyed": {
						"event": "fb:destroy"
					}
				}
			},
			{
				"condition": "q.block_property('fb:channel') == 1",
				"components": {
					"minecraft:on_interact": {
						"event": "fb:switch_2"
					},
					"minecraft:material_instances": {
						"*": {
							"texture": "new_speakers_2",
							"render_method": "alpha_test"
						}
					},
					"minecraft:ticking": {
						"looping": true,
						"range": [
							3,
							6
						],
						"on_tick": {
							"event": "note_particles",
							"target": "block"
						}
					},
					"minecraft:on_player_destroyed": {
						"event": "fb:destroy"
					}
				}
			},
			{
				"condition": "q.block_property('fb:channel') == 2",
				"components": {
					"minecraft:on_interact": {
						"event": "fb:switch_3"
					},
					"minecraft:ticking": {
						"looping": true,
						"range": [
							3,
							6
						],
						"on_tick": {
							"event": "note_particles",
							"target": "block"
						}
					},
					"minecraft:material_instances": {
						"*": {
							"texture": "new_speakers_2",
							"render_method": "alpha_test"
						}
					},
					"minecraft:on_player_destroyed": {
						"event": "fb:destroy"
					}
				}
			},
			{
				"condition": "q.block_property('fb:channel') == 3",
				"components": {
					"minecraft:on_interact": {
						"event": "fb:switch_4"
					},
					"minecraft:ticking": {
						"looping": true,
						"range": [
							3,
							6
						],
						"on_tick": {
							"event": "note_particles",
							"target": "block"
						}
					},
					"minecraft:material_instances": {
						"*": {
							"texture": "new_speakers_2",
							"render_method": "alpha_test"
						}
					},
					"minecraft:on_player_destroyed": {
						"event": "fb:destroy"
					}
				}
			},
			{
				"condition": "q.block_property('fb:channel') == 4",
				"components": {
					"minecraft:on_interact": {
						"event": "fb:switch_5"
					},
					"minecraft:ticking": {
						"looping": true,
						"range": [
							3,
							6
						],
						"on_tick": {
							"event": "note_particles",
							"target": "block"
						}
					},
					"minecraft:material_instances": {
						"*": {
							"texture": "new_speakers_2",
							"render_method": "alpha_test"
						}
					},
					"minecraft:on_player_destroyed": {
						"event": "fb:destroy"
					}
				}
			},
			{
				"condition": "q.block_property('fb:channel') == 5",
				"components": {
					"minecraft:on_interact": {
						"event": "fb:switch_6"
					},
					"minecraft:ticking": {
						"looping": true,
						"range": [
							3,
							6
						],
						"on_tick": {
							"event": "note_particles",
							"target": "block"
						}
					},
					"minecraft:material_instances": {
						"*": {
							"texture": "new_speakers_2",
							"render_method": "alpha_test"
						}
					},
					"minecraft:on_player_destroyed": {
						"event": "fb:destroy"
					}
				}
			},
			{
				"condition": "q.block_property('fb:channel') == 6",
				"components": {
					"minecraft:on_interact": {
						"event": "fb:switch_7"
					},
					"minecraft:ticking": {
						"looping": true,
						"range": [
							3,
							6
						],
						"on_tick": {
							"event": "note_particles",
							"target": "block"
						}
					},
					"minecraft:material_instances": {
						"*": {
							"texture": "new_speakers_2",
							"render_method": "alpha_test"
						}
					},
					"minecraft:on_player_destroyed": {
						"event": "fb:destroy"
					}
				}
			},
			{
				"condition": "q.block_property('fb:channel') == 7",
				"components": {
					"minecraft:on_interact": {
						"event": "fb:switch_8"
					},
					"minecraft:ticking": {
						"looping": true,
						"range": [
							3,
							6
						],
						"on_tick": {
							"event": "note_particles",
							"target": "block"
						}
					},
					"minecraft:material_instances": {
						"*": {
							"texture": "new_speakers_2",
							"render_method": "alpha_test"
						}
					},
					"minecraft:on_player_destroyed": {
						"event": "fb:destroy"
					}
				}
			},
			{
				"condition": "q.block_property('fb:channel') == 8",
				"components": {
					"minecraft:on_interact": {
						"event": "fb:switch_9"
					},
					"minecraft:ticking": {
						"looping": true,
						"range": [
							3,
							6
						],
						"on_tick": {
							"event": "note_particles",
							"target": "block"
						}
					},
					"minecraft:material_instances": {
						"*": {
							"texture": "new_speakers_2",
							"render_method": "alpha_test"
						}
					},
					"minecraft:on_player_destroyed": {
						"event": "fb:destroy"
					}
				}
			},
			{
				"condition": "q.block_property('fb:channel') == 9",
				"components": {
					"minecraft:on_interact": {
						"event": "fb:switch_10"
					},
					"minecraft:ticking": {
						"looping": true,
						"range": [
							3,
							6
						],
						"on_tick": {
							"event": "note_particles",
							"target": "block"
						}
					},
					"minecraft:material_instances": {
						"*": {
							"texture": "new_speakers_2",
							"render_method": "alpha_test"
						}
					},
					"minecraft:on_player_destroyed": {
						"event": "fb:destroy"
					}
				}
			},
			{
				"condition": "q.block_property('fb:channel') == 10",
				"components": {
					"minecraft:on_interact": {
						"event": "fb:switch_11"
					},
					"minecraft:ticking": {
						"looping": true,
						"range": [
							3,
							6
						],
						"on_tick": {
							"event": "note_particles",
							"target": "block"
						}
					},
					"minecraft:material_instances": {
						"*": {
							"texture": "new_speakers_2",
							"render_method": "alpha_test"
						}
					},
					"minecraft:on_player_destroyed": {
						"event": "fb:destroy"
					}
				}
			},
			{
				"condition": "q.block_property('fb:channel') == 11",
				"components": {
					"minecraft:on_interact": {
						"event": "fb:switch_12"
					},
					"minecraft:ticking": {
						"looping": true,
						"range": [
							3,
							6
						],
						"on_tick": {
							"event": "note_particles",
							"target": "block"
						}
					},
					"minecraft:material_instances": {
						"*": {
							"texture": "new_speakers_2",
							"render_method": "alpha_test"
						}
					},
					"minecraft:on_player_destroyed": {
						"event": "fb:destroy"
					}
				}
			},
			{
				"condition": "q.block_property('fb:channel') == 12",
				"components": {
					"minecraft:on_interact": {
						"event": "fb:switch_13"
					},
					"minecraft:ticking": {
						"looping": true,
						"range": [
							3,
							6
						],
						"on_tick": {
							"event": "note_particles",
							"target": "block"
						}
					},
					"minecraft:material_instances": {
						"*": {
							"texture": "new_speakers_2",
							"render_method": "alpha_test"
						}
					},
					"minecraft:on_player_destroyed": {
						"event": "fb:destroy"
					}
				}
			},
			{
				"condition": "q.block_property('fb:channel') == 13",
				"components": {
					"minecraft:on_interact": {
						"event": "fb:event_off"
					},
					"minecraft:ticking": {
						"looping": true,
						"range": [
							3,
							6
						],
						"on_tick": {
							"event": "note_particles",
							"target": "block"
						}
					},
					"minecraft:material_instances": {
						"*": {
							"texture": "new_speakers_2",
							"render_method": "alpha_test"
						}
					},
					"minecraft:on_player_destroyed": {
						"event": "fb:destroy"
					}
				}
			}
		]
	}
}