{
	"format_version": "1.16.100",
	"minecraft:block": {
		"description": {
			"identifier": "fb:stage_sun",
			"properties": {
				"p:facing": [
					0,
					1,
					2,
					3
				]
			}
		},
		"permutations": [
			{
				"condition": "q.block_property('p:facing') == 0",
				"components": {
					"minecraft:rotation": [
						0,
						180,
						0
					]
				}
			},
			{
				"condition": "q.block_property('p:facing') == 1",
				"components": {
					"minecraft:rotation": [
						0,
						0,
						0
					]
				}
			},
			{
				"condition": "q.block_property('p:facing') == 2",
				"components": {
					"minecraft:rotation": [
						0,
						270,
						0
					]
				}
			},
			{
				"condition": "q.block_property('p:facing') == 3",
				"components": {
					"minecraft:rotation": [
						0,
						90,
						0
					],
					"minecraft:ticking": {
						"looping": false,
						"range": [
							0,
							0
						],
						"on_tick": {
							"event": "e:test"
						}
					}
				}
			}
		],
		"components": {
			"minecraft:material_instances": {
				"*": {
					"texture": "new_sun",
					"render_method": "alpha_test",
					"face_dimming": false
				}
			},
			"minecraft:display_name": "fb:stage_sun",
			"minecraft:creative_category": {
				"category": "construction",
				"group": "itemGroup.name.Construction"
			},
			"minecraft:map_color": "#ffffff",
			"minecraft:destroy_time": 4,
			"minecraft:explosion_resistance": 4,
			"minecraft:block_light_absorption": 0,
			"minecraft:breathability": "air",
			"minecraft:flammable": {
				"flame_odds": 30,
				"burn_odds": 30
			},
			"minecraft:geometry": "geometry.sun",
			"minecraft:aim_collision": {
				"origin": [
					-8,
					0,
					-5
				],
				"size": [
					16,
					16,
					3
				]
			},
			"minecraft:entity_collision": {
				"origin": [
					-8,
					0,
					-5
				],
				"size": [
					16,
					16,
					3
				]
			},
			"minecraft:on_player_placing": {
				"event": "e:set.facing"
			}
		},
		"events": {
			"e:set.facing": {
				"set_block_property": {
					"p:facing": "q.cardinal_facing_2d-2"
				}
			},
			"e:test": {
				"run_command": {
					"command": [
						""
					]
				}
			}
		}
	}
}