{
	"format_version": "1.16.100",
	"minecraft:block": {
		"description": {
			"identifier": "fb:white_roof",
			"properties": {
				"p:var": [
					0,
					1,
					2,
					3
				]
			}
		},
		"permutations": [
			{
				"condition": "q.block_property('p:var') == 0",
				"components": {
					"minecraft:material_instances": {
						"*": {
							"texture": "white_roof",
							"render_method": "alpha_test",
							"ambient_occlusion": true
						}
					}
				}
			},
			{
				"condition": "q.block_property('p:var') == 1",
				"components": {
					"minecraft:material_instances": {
						"*": {
							"texture": "white_roof_2",
							"render_method": "alpha_test",
							"ambient_occlusion": true
						}
					},
					"minecraft:on_interact": {
						"condition": "q.get_equipped_item_name=='changer_tool_item'",
						"event": "e:remove.var"
					}
				}
			}
		],
		"components": {
			"minecraft:material_instances": {
				"*": {
					"texture": "white1",
					"render_method": "alpha_test",
					"ambient_occlusion": false
				}
			},
			"minecraft:display_name": "fb:white_roof",
			"minecraft:creative_category": {
				"category": "construction",
				"group": "itemGroup.name.Construction"
			},
			"minecraft:geometry": "geometry.white_roof",
			"minecraft:map_color": "#DEDEDE",
			"minecraft:destroy_time": 1,
			"minecraft:explosion_resistance": 1,
			"minecraft:block_light_absorption": 15,
			"minecraft:breathability": "air",
			"minecraft:flammable": {
				"flame_odds": 40,
				"burn_odds": 50
			},
			"minecraft:aim_collision": {
				"origin": [
					-8,
					0,
					-8
				],
				"size": [
					16,
					16,
					16
				]
			},
			"minecraft:entity_collision": {
				"origin": [
					-8,
					0,
					-8
				],
				"size": [
					16,
					16,
					16
				]
			}
		},
		"events": {
			"e:add.var": {
				"sequence": [
					{
						"condition": "q.get_equipped_item_name=='changer_tool_item'",
						"decrement_stack": {},
						"set_block_property": {
							"p:var": 1
						},
						"run_command": {
							"command": [
								"playsound block.lantern.break @p ~~~",
								"particle foxes:texture ~~~"
							]
						}
					}
				]
			},
			"e:remove.var": {
				"sequence": [
					{
						"set_block_property": {
							"p:var": 0
						},
						"run_command": {
							"command": [
								""
							]
						}
					},
					{
						"condition": "q.block_property('p:var')==1",
						"run_command": {
							"command": [
								"playsound block.lantern.break @p ~~~",
								"particle foxes:texture ~~~"
							]
						}
					}
				]
			}
		}
	}
}