{
	"format_version": "1.16.100",
	"minecraft:block": {
		"description": {
			"identifier": "fb:wires",
			"properties": {
				"p:facing": [
					0,
					1,
					2,
					3
				],
				"p:changer": [
					0,
					1,
					2
				]
			}
		},
		"permutations": [
			{
				"condition": "q.block_property('p:facing') == 0",
				"components": {
					"minecraft:rotation": [
						0,
						180,
						0
					]
				}
			},
			{
				"condition": "q.block_property('p:facing') == 1",
				"components": {
					"minecraft:rotation": [
						0,
						0,
						0
					]
				}
			},
			{
				"condition": "q.block_property('p:facing') == 2",
				"components": {
					"minecraft:rotation": [
						0,
						270,
						0
					]
				}
			},
			{
				"condition": "q.block_property('p:facing') == 3",
				"components": {
					"minecraft:rotation": [
						0,
						90,
						0
					]
				}
			},
			{
				"condition": "q.block_property('p:changer') == 0",
				"components": {
					"minecraft:geometry": "geometry.wires_2",
					"minecraft:material_instances": {
						"*": {
							"texture": "wires_wall_2",
							"render_method": "alpha_test"
						}
					},
					"minecraft:aim_collision": {
						"origin": [
							-8,
							0,
							-8
						],
						"size": [
							16,
							1,
							16
						]
					},
					"minecraft:entity_collision": {
						"origin": [
							0,
							0,
							0
						],
						"size": [
							0,
							0,
							0
						]
					}
				}
			},
			{
				"condition": "q.block_property('p:changer') == 1",
				"components": {
					"minecraft:geometry": "geometry.wires_3",
					"minecraft:material_instances": {
						"*": {
							"texture": "wires_wall",
							"render_method": "alpha_test"
						}
					},
					"minecraft:aim_collision": {
						"origin": [
							-8,
							0,
							7
						],
						"size": [
							16,
							16,
							1
						]
					},
					"minecraft:entity_collision": {
						"origin": [
							0,
							0,
							0
						],
						"size": [
							0,
							0,
							0
						]
					}
				}
			},
			{
				"condition": "q.block_property('p:changer') == 2",
				"components": {
					"minecraft:geometry": "geometry.wires_4",
					"minecraft:material_instances": {
						"*": {
							"texture": "wires_wall",
							"render_method": "alpha_test"
						},
						"down": {
							"texture": "wires_wall_2",
							"render_method": "alpha_test"
						},
						"up": {
							"texture": "wires_wall",
							"render_method": "alpha_test"
						}
					},
					"minecraft:aim_collision": {
						"origin": [
							-8,
							0,
							0
						],
						"size": [
							16,
							8,
							8
						]
					},
					"minecraft:entity_collision": {
						"origin": [
							0,
							0,
							0
						],
						"size": [
							0,
							0,
							0
						]
					}
				}
			}
		],
		"components": {
			"minecraft:display_name": "fb:wires_props",
			"minecraft:creative_category": {
				"category": "construction",
				"group": "itemGroup.name.Construction"
			},
			"minecraft:map_color": "#ffffff",
			"minecraft:destroy_time": 4,
			"minecraft:explosion_resistance": 4,
			"minecraft:block_light_absorption": 0,
			"minecraft:breathability": "air",
			"minecraft:flammable": {
				"flame_odds": 30,
				"burn_odds": 30
			},
			"minecraft:geometry": "geometry.wires_2",
			"minecraft:aim_collision": {
				"origin": [
					-8,
					0,
					-8
				],
				"size": [
					16,
					16,
					16
				]
			},
			"minecraft:entity_collision": {
				"origin": [
					0,
					0,
					0
				],
				"size": [
					0,
					0,
					0
				]
			},
			"minecraft:on_player_placing": {
				"event": "e:set.facing"
			}
		},
		"events": {
			"e:set.facing": {
				"set_block_property": {
					"p:facing": "q.cardinal_facing_2d-2"
				}
			},
			"e:cycle_changer": {
				"set_block_property": {
					"p:changer": "q.block_property('p:changer')==2?0:q.block_property('p:changer')+1"
				},
				"run_command": {
					"command": [
						"playsound block.lantern.break @p ~~~",
						"particle foxes:texture ~~~"
					]
				}
			}
		}
	}
}