{
	"format_version": "1.16.100",
	"minecraft:item": {
		"description": {
			"identifier": "fb:blue_soda_item",
			"category": "equipment"
		},
		"components": {
			"minecraft:use_duration": 1,
			"minecraft:hand_equipped": false,
			"minecraft:stacked_by_data": true,
			"minecraft:max_stack_size": 1,
			"minecraft:icon": {
				"texture": "blue_soda"
			},
			"minecraft:creative_category": {
				"parent": "equipment"
			},
			"minecraft:food": {
				"nutrition": 1,
				"saturation_modifier": "poor"
			},
			"minecraft:use_animation": "drink",
			"minecraft:render_offsets": "honey_bottle",
			"minecraft:display_name": {
				"value": "item.fb_blue_soda_item.name"
			},
			"minecraft:block_placer": {
				"block": "fb:blue_soda"
			}
		},
		"events": {}
	}
}