{
	"format_version": "1.16.100",
	"minecraft:item": {
		"description": {
			"identifier": "fb:confetti_bag",
			"category": "construction"
		},
		"components": {
			"minecraft:hand_equipped": false,
			"minecraft:stacked_by_data": true,
			"minecraft:max_stack_size": 64,
			"minecraft:display_name": {
				"value": "item.fb_confetti_bag.name"
			},
			"minecraft:icon": {
				"texture": "confetti_bag"
			},
			"minecraft:block_placer": {
				"block": "fb:confetti"
			},
			"minecraft:creative_category": {
				"parent": "none"
			}
		},
		"events": {}
	}
}