{
	"format_version": "1.16.100",
	"minecraft:item": {
		"description": {
			"identifier": "fb:mask_freddy"
		},
		"components": {
			"minecraft:max_stack_size": 1,
			"minecraft:display_name": {
				"value": "item.fb:mask_freddy.name"
			},
			"minecraft:icon": {
				"texture": "freddy_mask"
			},
			"minecraft:allow_off_hand": false,
			"minecraft:on_use": {
				"on_use": {
					"event": "switch_mode"
				}
			},
			"minecraft:durability": {
				"max_durability": 165,
				"damage_chance": {
					"min": 60,
					"max": 100
				}
			},
			"minecraft:creative_category": {
				"parent": "itemGroup.name.helmet"
			},
			"minecraft:repairable": {
				"repair_items": [
					{
						"items": [
							"minecraft:iron_ingot"
						],
						"repair_amount": "query.max_durability*0.25"
					},
					{
						"items": [
							"fb:mask_freddy"
						],
						"repair_amount": "context.other->query.remaining_durability+0.12*context.other->query.max_durability"
					}
				]
			}
		},
		"events": {
			"switch_mode": {
				"sequence": [
					{
						"run_command": {
							"command": [
								"function mask_execute"
							],
							"target": "holder"
						},
						"damage": {
							"type": "durability",
							"amount": 1,
							"target": "self"
						},
						"condition": "query.remaining_durability!=0"
					},
					{
						"run_command": {
							"command": [
								"function mask_execute"
							],
							"target": "holder"
						},
						"condition": "query.remaining_durability==0"
					}
				]
			}
		}
	}
}