{
	"format_version": "1.16.100",
	"minecraft:item": {
		"description": {
			"identifier": "fb:off_flashlight",
			"category": "equipment"
		},
		"components": {
			"minecraft:max_stack_size": 1,
			"minecraft:display_name": {
				"value": "item.fb:off_flashlight.name"
			},
			"minecraft:icon": {
				"texture": "off_flashlight"
			},
			"minecraft:creative_category": {
				"parent": "equipment"
			},
			"minecraft:allow_off_hand": true,
			"minecraft:on_use": {
				"on_use": {
					"event": "switch_mode"
				}
			},
			"minecraft:durability": {
				"max_durability": 1
			}
		},
		"events": {
			"switch_mode": {
				"sequence": [
					{
						"run_command": {
							"command": [
								"replaceitem entity @s slot.weapon.mainhand 1 fb:flashlight",
								"playsound flashlight.click @a ~~~",
								"scoreboard players set @s flashlight 5600",
								"tag @s remove horror_2",
								"playanimation @p[r=2] animation.humanoid.active_on"
							],
							"target": "holder"
						},
						"damage": {
							"type": "durability",
							"amount": 1,
							"target": "self"
						},
						"condition": "query.remaining_durability!=0"
					},
					{
						"run_command": {
							"command": [
								"replaceitem entity @s slot.weapon.mainhand 0 fb:flashlight"
							],
							"target": "holder"
						},
						"condition": "query.remaining_durability==0"
					}
				]
			}
		}
	}
}