<?xml version='1.0' encoding='utf-8' standalone='yes' ?>
<map>
    <set name="sessions">
        <string>1565088849840/efd713fd-6877-46ad-963b-0d86ce6af35b/1565088849455</string>
        <string>1565088856677/590c3fdb-361a-4fcc-b15d-e1152d40bee1/1565088856511</string>
        <string>1565088856512//1565088856511</string>
        <string>1565088849456//1565088849455</string>
    </set>
    <string name="installId">dd811c84-001c-4487-9d53-ae7c484ca68d</string>
    <string name="AppCenter.auth_token_history">AES/CBC/PKCS7Padding/256:34baltF+A8dI5LziuGoFTcDQcKL0N2EBK34v8jWpKbbTiPxJEHJnGOxB5IOAjme5NSxqcdLVXUOy&#10;CP6b7TZ5WQ==&#10;    </string>
</map>
