<?xml version='1.0' encoding='utf-8' standalone='yes' ?>
<map>
    <string name="savedProperties">{&quot;uid&quot;:&quot;1565088850122-8233168704384183365&quot;,&quot;KSAppsFlyerRICounter&quot;:&quot;1&quot;,&quot;AppsFlyerKey&quot;:&quot;jBHFfePzvJhHdfvijAcLoQ&quot;,&quot;advertiserId&quot;:&quot;56aca2fe-62af-40ef-a8d3-96f41be77630&quot;,&quot;advertiserIdEnabled&quot;:&quot;true&quot;,&quot;KSAppsFlyerId&quot;:&quot;1565088850122-8233168704384183365&quot;}</string>
    <string name="androidIdCached">abcbf937e2663370</string>
    <string name="AF_INSTALLATION">1565088850122-8233168704384183365</string>
    <int name="appsFlyerCount" value="2" />
    <long name="AppsFlyerTimePassedSincePrevLaunch" value="1565088875916" />
    <int name="appsflyerConversionDataRequestRetries" value="0" />
    <string name="appsFlyerFirstInstall">2019-08-06_105419+0000</string>
    <string name="sentSuccessfully">true</string>
    <int name="versionCode" value="871130004" />
</map>
