<?xml version='1.0' encoding='utf-8' standalone='yes' ?>
<map>
    <string name="maxRetries">5bZQWz0tIXLZbXB1M5l4ryw/hz5Q00ydGwIMz4hLgRpHrNlfzvl0iIuTGBG2jqVNrlrJF+Oo3Yrsm3c0q0UqwQ==</string>
    <string name="retryCount">5bZQWz0tIXLZbXB1M5l4ryw/hz5Q00ydGwIMz4hLgRogk0IiQzzXej2VZDC2o6gpUXpL6bVEq/u3QpGlr8y6BA==</string>
    <string name="retryUntil">5bZQWz0tIXLZbXB1M5l4ryw/hz5Q00ydGwIMz4hLgRogk0IiQzzXej2VZDC2o6gpygQ8cJ83kah0QnCIt6o0gTmbwS5QjrH6b3dsRdNWKf4=</string>
    <string name="validityTimestamp">5bZQWz0tIXLZbXB1M5l4ryw/hz5Q00ydGwIMz4hLgRoBu6iCKebgSeQt4kxGgQa6B5y3ptIPijfEOaZ2iH6TNDAdQp726/ImRq0aptFQ+u8=</string>
    <string name="lastResponse">5bZQWz0tIXLZbXB1M5l4ryw/hz5Q00ydGwIMz4hLgRq9tPnUbU3YSkLdWFQvNfgC5+bIXV5O5PnYEx5ugB+Sbg==</string>
</map>
