<?xml version='1.0' encoding='utf-8' standalone='yes' ?>
<map>
    <string name="LastDeviceSessionId">c88c5e7b-1f2d-4835-8743-19acb4306038</string>
    <boolean name="background_music" value="true" />
    <boolean name="servers" value="false" />
    <boolean name="desktop_gui" value="false" />
    <boolean name="safe_mode" value="false" />
    <string name="language">0</string>
    <boolean name="xbox" value="true" />
    <boolean name="moddedpe_pack" value="false" />
    <string name="deviceId">21815f1d520a45fc811e2de88e213f72</string>
    <int name="correlationAttempts" value="9" />
</map>
