<?xml version='1.0' encoding='utf-8' standalone='yes' ?>
<map>
    <int name="cloud_pin_length" value="4" />
    <int name="ConnectTimeout" value="10000" />
    <string name="DeviceAddService">https://login.live.com/ppsecure/deviceaddcredential.srf</string>
    <set name="AndroidSsoCerts">
        <string>sX6CAbEo4edMwCNRCrfqA6wn3eUNMtgQ6hV3dY8cwJg=</string>
        <string>oHlCFSeKVn6IevbN4BWl6IQU72QPfas4VaPneWWL53g=</string>
        <string>fVOTUco5wnynBkCeWptrBi25v43D2MqmE3Bnrn9otec=</string>
        <string>7r0PFuYpr4uDgb/t/dZJYF/pD3Y/XLe6Rz657vlNmvE=</string>
        <string>KEg2GpweMt8dPi7Wp7nmelJc+KE7Fk+ABslHlXj3Rt4=</string>
        <string>rQZmwqojBROk1Pc/okKkWGzY7WcmodDdVCUHcv2blgU=</string>
        <string>g2b69yfcSDF6LzoMN/oSfz81YZTPuy9LYo7H5qGnXA8=</string>
        <string>6EPuPaEZXWr7icqjznQnsI/AH9h4ok+lbpYsNccdXnA=</string>
        <string>Mb5ACW+THNfxHV4mLSssQ3xEOF+07LwQE9ladDWBb5w=</string>
        <string>uSUTbz6nwKGVFpChqzE5ENqB9AmUqFNC7GIoiPEocFE=</string>
    </set>
    <string name="ConfigVersion">16.000.27832.00</string>
    <string name="WLIDSTS_WCF">https://login.live.com/RST2.srf</string>
    <string name="CPConnect">https://login.live.com/ppsecure/InlineConnect.srf?id=80601</string>
    <string name="ManageApprover">https://login.live.com/ManageApprover.srf</string>
    <int name="ReceiveTimeout" value="30000" />
    <string name="ManageLoginKeys">https://login.live.com/ManageLoginKeys.srf</string>
    <string name="environment">production</string>
    <string name="ConfigUrl">https://go.microsoft.com/fwlink/?LinkId=398559</string>
    <string name="CompleteAccountConnect">https://login.live.com/ppsecure/InlineConnect.srf?id=80604</string>
    <int name="SendTimeout" value="30000" />
    <string name="CompleteAccountSignIn">https://login.live.com/ppsecure/InlineLogin.srf?id=80604</string>
    <string name="URL_AccountSettings">https://account.microsoft.com/?ref=settings</string>
    <string name="CPSignInAuthUp">https://login.live.com/ppsecure/InlineLogin.srf?id=80601</string>
    <string name="ListSessions">https://login.live.com/ListSessions.srf</string>
    <string name="ApproveSession">https://login.live.com/ApproveSession.srf</string>
</map>
