{
   "" : {
      "last_fetched_personaOffer" : "2019-08-06",
      "last_fetched_storeOffer" : "2019-08-06",
      "personaOfferProductIds" : null,
      "storeOfferProductIds" : null
   },
   "2535459438605919" : {
      "last_fetched_personaOffer" : "2019-08-06",
      "last_fetched_storeOffer" : "2019-08-06",
      "personaOfferProductIds" : null,
      "storeOfferProductIds" : {
         "032d9b90-f71e-4ec0-8049-cabe595198e5" : true,
         "040cc2c8-5543-4300-b0fe-6319155f3fac" : true,
         "05e8ab99-553d-4f71-bd7c-efd8ff8db69e" : true,
         "072407dd-e365-40b1-bcaa-539afaa38b2b" : true,
         "07908289-3722-47d5-858e-9f2eff844964" : true,
         "0934dd9b-215c-4399-a63b-f7261d1f7ac6" : true,
         "0ec7d3c8-f9d2-4cb0-b21e-401b6aad07f9" : true,
         "128d8283-bb26-476a-bc64-d1634f23d4db" : true,
         "138e1588-716e-486a-ab36-6a0b5632d5a6" : true,
         "18c9903d-bfd8-4cdf-b423-166084fd7354" : true,
         "198177c4-3223-42b7-923e-b643cf7ebbbd" : true,
         "1ce66c25-e2a5-40b6-8eb3-adf252ee79e0" : true,
         "1f201eef-bd63-4609-8b7c-79372420a367" : true,
         "2457a08c-5818-475c-8ebd-caba6bd31add" : true,
         "25bd7acc-83b2-4f9d-9741-04141359e4f6" : true,
         "272a9190-3789-4803-8c54-c6e3c9b4e38c" : true,
         "27ca1490-1990-43ab-b394-24f5cf7a4029" : true,
         "2849c41d-4dcb-4710-a6fa-de38df87ae96" : true,
         "2d60802a-2471-467d-8507-1ac69d1fba69" : true,
         "315a8ddf-7eb2-4304-a825-69a60e36c864" : true,
         "38b73d38-99f6-41c0-a03b-0efdd39cb952" : true,
         "3cb9919e-4013-4479-adde-fcfd67c5a3b8" : true,
         "445dccac-5aa1-493c-bb1c-0797a6f7802f" : true,
         "46f24818-6ddd-4955-8a56-c8ff729193a1" : true,
         "477e88b2-9f69-43f7-aa0e-cb90512cc841" : true,
         "48b44d5f-a936-4b8d-af00-38f74cedc1c2" : true,
         "4939fd90-37fc-458f-b8ee-24e9c4cbb9fe" : true,
         "4a19a7a8-e85b-466d-a3e0-41111ba00280" : true,
         "4d07b17e-4e88-45ec-ad8f-4532b5267e0b" : true,
         "4d6d3062-1e1d-4ae8-8c00-e26fff15c011" : true,
         "4fb6ba58-fe49-4ce1-8c95-2301d1f60267" : true,
         "51436a5a-7920-4241-b17b-e7115af511fa" : true,
         "5231c8e2-10d7-4e70-8870-8ea7a934ef8b" : true,
         "53e7500a-f178-4bca-ad22-a6d4d8bc0b65" : true,
         "5487cc7a-0b50-4675-987c-3fe580824176" : true,
         "56350291-c32f-4abb-ab68-76dab4f27e0e" : true,
         "565322cb-dce0-4443-9776-779fe72efd3f" : true,
         "57fbab42-885a-45b0-88de-865a3fda212b" : true,
         "5e583f24-a7ba-4e46-ae0c-60ddb78dac93" : true,
         "627bd743-7552-4d9f-91a5-12db780d1ace" : true,
         "63a15c7c-b207-4093-9d0e-b4715c1bf74d" : true,
         "69051395-a3cf-44b5-9e77-d49242e3dba1" : true,
         "6ada5ea0-c74b-47ed-b385-9f9f4a3cc5d8" : true,
         "6b86af30-4842-4874-978b-d1afdda14d8c" : true,
         "6c27ea66-fc4b-4f02-8a0e-5d053565e147" : true,
         "6cae98e8-df23-4927-9e1a-23dc134c28e0" : true,
         "6eade4a8-fe9e-4c53-8fce-c9682d13e55e" : true,
         "6f16c9a3-7c6b-42d1-8f99-d32f09dfc038" : true,
         "73236109-a5c5-4621-ac79-02797f818ad7" : true,
         "76e563ef-c472-4696-8651-30e7233e415b" : true,
         "796192af-1827-4280-81f5-c2b0272481cc" : true,
         "7a036634-c9de-4bf6-bd2c-3463b1e1027b" : true,
         "7a616724-2fde-4a1a-b72c-439d7a840cbc" : true,
         "7a95fe32-d236-46a7-9a15-80700410ecac" : true,
         "7c876f2b-08e8-4b0b-91b3-9f5b60b43e2e" : true,
         "7ce796f4-6be8-4c55-8a74-bd05653d6074" : true,
         "7ea23baf-e6da-45ea-a212-29a6979e17d1" : true,
         "7f6fa28e-9726-47fb-b5ec-fd354482cf52" : true,
         "7fa06520-c296-48a7-be56-ca5fdf41b255" : true,
         "7fb6d2a2-b514-48a5-8738-e3db27de5844" : true,
         "8419aeae-01dd-475b-92c8-d9f05b8bca33" : true,
         "87a21bfc-03ba-4c65-a615-2fa3d036db0e" : true,
         "8dc7c92a-2a1b-4fd7-a42e-1914d3698269" : true,
         "9077999b-88c0-4e20-8df5-8734c8d85c3e" : true,
         "950275e5-0e7c-4e35-8102-09244641522a" : true,
         "96c8cbe8-f80e-4edc-b9ab-a30bec9e0418" : true,
         "97f09a77-7189-42af-90b3-b7a00114cd68" : true,
         "9db19b59-38da-4aea-952d-e581ff6428a9" : true,
         "a081c8f4-4c32-4522-a71a-d8d2e7abcf2f" : true,
         "a2ea38a8-303b-47bc-90a6-95563dff870c" : true,
         "a42f756d-3f99-4ccd-996a-d033574f8b38" : true,
         "a4fde20c-8248-409d-ab74-aae4372da27c" : true,
         "a69e3aa8-1001-49bd-a550-5723bf75c682" : true,
         "a6aac7b2-e24d-42fc-a464-1fab4e9c5e8e" : true,
         "a714a29b-f3cb-4a5d-bdc4-22b7e82aa74a" : true,
         "a8e98ffd-b9e2-4a01-97c4-7636af80e27c" : true,
         "adbd6ec1-861c-44ec-b594-b6ba3831b8c2" : true,
         "ae256fdb-f857-4fd4-a091-3898d32d7624" : true,
         "b12e7b63-17cd-471a-b81b-22e89e5e8822" : true,
         "b9a1961b-792b-4a06-8c0f-21637ff26e8f" : true,
         "bcf7fda1-db81-4fc2-a98f-8e16dc045bc1" : true,
         "bdf319f6-c5b7-4c72-a512-a7e37e3457d3" : true,
         "c2dae7cd-ec51-4373-b1ed-499bc037045d" : true,
         "c4fd0cd9-ed31-437a-af10-fa047167c31f" : true,
         "c933a26a-bb01-44b6-8705-313c890f9476" : true,
         "cdd06a47-aa22-47b0-a81d-8e1edc84c993" : true,
         "cde4f684-8f02-4da6-a2d3-6c5e38ca0c1c" : true,
         "d1ddfdeb-2cfd-4452-af41-3bb1eefc05b4" : true,
         "d3dc0c15-0403-4cdd-b46c-2c4ede79a066" : true,
         "d522e1d1-ddec-4a19-ae8e-ef3248de4239" : true,
         "d748d886-cd93-44e3-8ec0-50b1302c0c0c" : true,
         "d7f2092c-9225-4e47-9a34-ef41007dc81e" : true,
         "d85ee51f-42a4-4717-95b1-6a15ecff5274" : true,
         "d8e8bd6e-8357-4458-912c-5972d665f329" : true,
         "da7a294f-25cf-46d2-ab8a-616494012cc9" : true,
         "dc837646-b0c4-4ce8-8358-a554086e25b0" : true,
         "dced564b-8928-460c-a451-360631a83c76" : true,
         "dd4acfe8-49a5-4cf6-a814-4df6254534ba" : true,
         "e3cb845e-c1d3-4172-b483-10af9fe7086b" : true,
         "e47656f9-befd-45d4-b891-f8532b5198ad" : true,
         "e4b4e552-2774-4e1e-af74-9c9feda5bbcf" : true,
         "e4dcb260-951f-4f75-81f0-074e70f02fbe" : true,
         "e5f03b60-6cee-4488-994b-904718cb5545" : true,
         "e72c7f5f-741a-46b8-a396-46c8485401c6" : true,
         "e90ae261-8407-493a-bea1-f2edfdb5743a" : true,
         "e9a88b94-804f-43ea-835e-2eefc93f8874" : true,
         "ec087061-9ba1-4f0c-b4b9-e4b774f8959e" : true,
         "ee9cecc2-0240-49e9-96a0-1d36160a8d17" : true,
         "efd930e2-06d5-4a3b-84e5-128774f899f2" : true,
         "f0707dc4-fed3-4e36-ade9-9afa96bd2069" : true,
         "f43cd67a-2824-4f87-a793-e2b821685883" : true,
         "f475d0bf-1f37-4800-9ca6-01fec5e3388e" : true,
         "f52ed910-fe16-43c5-b727-5ec693427f1b" : true,
         "f58e269d-2b00-4339-a237-a979d605c464" : true,
         "f71aab21-c320-4448-8e7a-d406bb542d66" : true
      }
   }
}
