{
	"file_path": "C:\\Users\\chupi\\AppData\\Local\\Packages\\Microsoft.MinecraftUWP_8wekyb3d8bbwe\\LocalState\\games\\com.mojang\\development_behavior_packs\\Your Doors BP\\recipes\\glass_trapdoor.json",
	"file_type": "recipe",
	"format_version": 1,
	"file_uuid": "667454cd_036d_4b68_8768_eae7fb283733",
	"file_version": 7,
	"cache_content": {
		"children": [
			{
				"data": "1.17.0",
				"key": "format_version"
			},
			{
				"open": {
					"format_version": "1.17.0",
					"minecraft:recipe_shaped": {
						"description": {
							"identifier": "yd:glass_trapdoor_r"
						},
						"tags": [
							"crafting_table"
						],
						"pattern": [
							"###",
							"###"
						],
						"key": {
							"#": {
								"item": "minecraft:glass"
							}
						},
						"result": [
							{
								"item": "yd:glass_trapdoor"
							}
						]
					}
				},
				"key": "minecraft:recipe_shaped",
				"children": [
					{
						"open": {
							"description": {
								"identifier": "yd:glass_trapdoor_r"
							},
							"tags": [
								"crafting_table"
							],
							"pattern": [
								"###",
								"###"
							],
							"key": {
								"#": {
									"item": "minecraft:glass"
								}
							},
							"result": [
								{
									"item": "yd:glass_trapdoor"
								}
							]
						},
						"key": "description",
						"is_minified": true,
						"children": {
							"identifier": "yd:glass_trapdoor_r"
						}
					},
					{
						"open": {
							"description": {
								"identifier": "yd:glass_trapdoor_r"
							},
							"tags": [
								"crafting_table"
							],
							"pattern": [
								"###",
								"###"
							],
							"key": {
								"#": {
									"item": "minecraft:glass"
								}
							},
							"result": [
								{
									"item": "yd:glass_trapdoor"
								}
							]
						},
						"key": "tags",
						"is_minified": true,
						"children": [
							"crafting_table"
						]
					},
					{
						"open": {
							"description": {
								"identifier": "yd:glass_trapdoor_r"
							},
							"tags": [
								"crafting_table"
							],
							"pattern": [
								"###",
								"###"
							],
							"key": {
								"#": {
									"item": "minecraft:glass"
								}
							},
							"result": [
								{
									"item": "yd:glass_trapdoor"
								}
							]
						},
						"key": "pattern",
						"is_minified": true,
						"children": [
							"###",
							"###"
						]
					},
					{
						"open": {
							"description": {
								"identifier": "yd:glass_trapdoor_r"
							},
							"tags": [
								"crafting_table"
							],
							"pattern": [
								"###",
								"###"
							],
							"key": {
								"#": {
									"item": "minecraft:glass"
								}
							},
							"result": [
								{
									"item": "yd:glass_trapdoor"
								}
							]
						},
						"key": "key",
						"children": [
							{
								"open": {
									"#": {
										"item": "minecraft:glass"
									}
								},
								"key": "#",
								"is_minified": true,
								"children": {
									"item": "minecraft:glass"
								}
							}
						]
					},
					{
						"open": {
							"description": {
								"identifier": "yd:glass_trapdoor_r"
							},
							"tags": [
								"crafting_table"
							],
							"pattern": [
								"###",
								"###"
							],
							"key": {
								"#": {
									"item": "minecraft:glass"
								}
							},
							"result": [
								{
									"item": "yd:glass_trapdoor"
								}
							]
						},
						"key": "result",
						"children": [
							{
								"open": [
									{
										"item": "yd:glass_trapdoor"
									}
								],
								"is_minified": true,
								"children": {
									"item": "yd:glass_trapdoor"
								}
							}
						]
					}
				]
			}
		]
	}
}