{
	"format_version": "1.16.0",
	"minecraft:entity": {
		"description": {
			"identifier": "fb:new_office_door",
			"is_summonable": true,
			"is_spawnable": true,
			"is_experimental": false,
			"scripts": {
				"animate": [
					"test"
				]
			}
		},
		"component_groups": {
			"despawn": {
				"minecraft:instant_despawn": {}
			},
			"fb:closed_door_ex": {
				"minecraft:mark_variant": {
					"value": 0
				},
				"minecraft:interact": {
					"interactions": [
						{
							"hurt_item": 0,
							"interact_text": "fb_remove:door",
							"on_interact": {
								"event": "fb:remove_door",
								"filters": {
									"all_of": [
										{
											"test": "has_equipment",
											"subject": "other",
											"domain": "hand",
											"operator": "==",
											"value": "fb:remover_tool"
										}
									]
								},
								"target": "self"
							},
							"play_sounds": "nothing",
							"swing": true,
							"use_item": true
						},
						{
							"hurt_item": 10,
							"interact_text": "fb_rotate:door",
							"on_interact": {
								"event": "fb:rotate_door",
								"filters": {
									"all_of": [
										{
											"test": "has_equipment",
											"subject": "other",
											"domain": "hand",
											"operator": "==",
											"value": "fb:rotate"
										}
									]
								},
								"target": "self"
							},
							"play_sounds": "nothing",
							"swing": true,
							"use_item": true
						}
					]
				}
			},
			"fb:open_door_ex": {
				"minecraft:mark_variant": {
					"value": 1
				},
				"minecraft:interact": {
					"interactions": [
						{
							"hurt_item": 0,
							"interact_text": "fb_remove:door",
							"on_interact": {
								"event": "fb:remove_door",
								"filters": {
									"all_of": [
										{
											"test": "has_equipment",
											"subject": "other",
											"domain": "hand",
											"operator": "==",
											"value": "fb:remover_tool"
										}
									]
								},
								"target": "self"
							},
							"play_sounds": "nothing",
							"swing": true,
							"use_item": true
						},
						{
							"hurt_item": 10,
							"interact_text": "fb_rotate:door",
							"on_interact": {
								"event": "fb:rotate_door",
								"filters": {
									"all_of": [
										{
											"test": "has_equipment",
											"subject": "other",
											"domain": "hand",
											"operator": "==",
											"value": "fb:rotate"
										}
									]
								},
								"target": "self"
							},
							"play_sounds": "nothing",
							"swing": true,
							"use_item": true
						}
					]
				}
			}
		},
		"components": {
			"minecraft:damage_sensor": {
				"triggers": {
					"deals_damage": false
				}
			},
			"minecraft:pushable": {
				"is_pushable": false,
				"is_pushable_by_piston": false
			},
			"minecraft:physics": {},
			"minecraft:health": {
				"value": 1,
				"max": 1,
				"min": 1
			},
			"minecraft:collision_box": {
				"width": 0.3,
				"height": 0.3
			}
		},
		"events": {
			"minecraft:entity_spawned": {
				"add": {
					"component_groups": [
						"fb:open_door_ex"
					]
				},
				"run_command": {
					"command": [
						"tp @s ~ ~ ~ 0"
					],
					"target": "self"
				}
			},
			"despawn": {
				"add": {
					"component_groups": [
						"despawn"
					]
				}
			},
			"fb:open_door_ex": {
				"add": {
					"component_groups": [
						"fb:open_door_ex"
					]
				},
				"remove": {
					"component_groups": [
						"fb:closed_door_ex"
					]
				},
				"run_command": {
					"command": [
						"fill ^ ^ ^ ^ ^2 ^1 air"
					],
					"target": "self"
				}
			},
			"fb:closed_door_ex": {
				"add": {
					"component_groups": [
						"fb:closed_door_ex"
					]
				},
				"remove": {
					"component_groups": [
						"fb:open_door_ex"
					]
				},
				"run_command": {
					"command": [
						"fill ^ ^ ^ ^ ^2 ^1 barrier[] destroy"
					],
					"target": "self"
				}
			},
			"fb:rotate_door": {
				"run_command": {
					"command": [
						"tp @s ~ ~0.2 ~ ~-90",
						"playsound dig.sand @p ~ ~ ~ 2 1.5",
						"particle fb:rotate ~ ~1 ~"
					],
					"target": "self"
				}
			},
			"fb:remove_door": {
				"add": {
					"component_groups": [
						"despawn"
					]
				},
				"run_command": {
					"command": [
						"playsound random.orb @p"
					]
				}
			}
		}
	}
}