{
	"format_version": "1.17.0",
	"minecraft:entity": {
		"description": {
			"identifier": "fb:sit",
			"is_spawnable": false,
			"is_summonable": true,
			"is_experimental": false
		},
		"component_groups": {
			"kills": {
				"minecraft:instant_despawn": {}
			}
		},
		"components": {
			"minecraft:type_family": {
				"family": [
					"inanimate"
				]
			},
			"minecraft:collision_box": {
				"width": 0.25,
				"height": 0.4
			},
			"minecraft:physics": {
				"has_collision": false,
				"has_gravity": false
			},
			"minecraft:fire_immune": true,
			"minecraft:damage_sensor": {
				"triggers": [
					{
						"cause": "all",
						"deals_damage": false
					}
				]
			},
			"minecraft:breathable": {
				"breathes_solids": true
			},
			"minecraft:rideable": {
				"seat_count": 1,
				"seats": {
					"position": [
						0,
						-0.1,
						0
					]
				}
			},
			"minecraft:inside_block_notifier": {
				"block_list": [
					{
						"block": {
							"name": "fb:toilet"
						},
						"exited_block_event": {
							"event": "kill"
						}
					},
					{
						"block": {
							"name": "fb:office_chair"
						},
						"exited_block_event": {
							"event": "kill"
						}
					},
					{
						"block": {
							"name": "fb:chair"
						},
						"exited_block_event": {
							"event": "kill"
						}
					},
					{
						"block": {
							"name": "fb:pizzeria_chairs"
						},
						"exited_block_event": {
							"event": "kill"
						}
					},
					{
						"block": {
							"name": "fb:black_party_chair"
						},
						"exited_block_event": {
							"event": "kill"
						}
					},
					{
						"block": {
							"name": "fb:blue_chair"
						},
						"exited_block_event": {
							"event": "kill"
						}
					},
					{
						"block": {
							"name": "fb:red_chair"
						},
						"exited_block_event": {
							"event": "kill"
						}
					}
				]
			},
			"minecraft:environment_sensor": {
				"triggers": [
					{
						"event": "kill",
						"filters": {
							"test": "rider_count",
							"value": 0
						}
					}
				]
			}
		},
		"events": {
			"kill": {
				"add": {
					"component_groups": [
						"kills"
					]
				}
			}
		}
	}
}