{
	"format_version": "1.13.0",
	"minecraft:entity": {
		"description": {
			"identifier": "fb:bonnie_bunny",
			"is_spawnable": true,
			"is_summonable": true,
			"is_experimental": false,
			"scripts": {
				"animate": [
					"fb_bonnie_bunny_function_entity_controller",
					"fb_bonnie_bunny_attack_entity_controller",
					"fb_bonnie_bunny_ded_entity_controller",
					"fb_bonnie_bunny_function2_entity_controller"
				]
			},
			"animations": {
				"fb_bonnie_bunny_function_entity": "animation.fb_bonnie_bunny.function.entity",
				"fb_bonnie_bunny_function_entity_controller": "controller.animation.fb_bonnie_bunny.function.entity",
				"fb_bonnie_bunny_attack_entity_controller": "controller.animation.fb_bonnie_bunny.attack.entity",
				"fb_bonnie_bunny_ded_entity_controller": "controller.animation.fb_bonnie_bunny.ded.entity",
				"fb_bonnie_bunny_function2_entity_controller": "controller.animation.fb_bonnie_bunny.function2.entity"
			}
		},
		"component_groups": {
			"fb:showtime_bonnie_bunny": {
				"minecraft:transformation": {
					"into": "fb:showtime_bonnie_bunny"
				}
			},
			"minecraft:roar": {
				"minecraft:on_target_acquired": {},
				"minecraft:behavior.summon_entity": {
					"priority": 0,
					"probability": 100,
					"summon_choices": [
						{
							"weight": 1,
							"cooldown_time": 50,
							"cast_duration": 1,
							"start_sound_event": "plop",
							"sequence": [
								{
									"shape": "circle",
									"target": "self",
									"base_delay": 0,
									"delay_per_summon": 0,
									"num_entities_spawned": 0,
									"entity_lifespan": 10,
									"size": 10,
									"sound_event": "plop"
								}
							]
						}
					]
				}
			},
			"minecraft:bonnie_bunny_function_adult": {
				"minecraft:on_target_acquired": {
					"event": "minecraft:become_angry",
					"target": "self"
				}
			},
			"minecraft:bonnie_bunny_function_angry": {
				"minecraft:variant": {
					"value": 1
				},
				"minecraft:angry": {
					"duration": 20,
					"broadcastAnger": false,
					"broadcastRange": 2,
					"calm_event": {
						"event": "minecraft:on_calm",
						"target": "self"
					}
				},
				"minecraft:on_target_acquired": {}
			},
			"minecraft:bonnie_bunny_function_closed": {
				"minecraft:variant": {
					"value": 0
				}
			},
			"minecraft:bonnie_bunny_function_calm": {
				"minecraft:variant": {
					"value": 0
				},
				"minecraft:is_sheared": {},
				"minecraft:on_target_acquired": {
					"event": "minecraft:become_angry",
					"target": "self"
				}
			},
			"fb:bonnie_bunny_function2": {
				"minecraft:collision_box": {
					"width": 0.5,
					"height": 2
				}
			},
			"fb:bonnie_bunny_no_function2": {
				"minecraft:collision_box": {
					"width": 0.5,
					"height": 2
				},
				"minecraft:movement": {
					"value": 0.07
				}
			}
		},
		"components": {
			"minecraft:experience_reward": {
				"on_death": "query.last_hit_by_player?50:0"
			},
			"minecraft:interact": {
				"interactions": [
					{
						"hurt_item": 0,
						"interact_text": "fb.bonnie_bunny.nose",
						"on_interact": {
							"event": "nose",
							"target": "self"
						}
					}
				]
			},
			"minecraft:breathable": {
				"totalSupply": 15,
				"suffocateTime": 0,
				"breathesWater": true
			},
			"minecraft:behavior.nearest_attackable_target": {
				"priority": 2,
				"within_radius": 512,
				"reselect_targets": true,
				"entity_types": [
					{
						"filters": {
							"any_of": [
								{
									"test": "is_family",
									"subject": "other",
									"value": "player"
								},
								{
									"test": "is_family",
									"subject": "other",
									"value": "snowgolem"
								},
								{
									"test": "is_family",
									"subject": "other",
									"value": "irongolem"
								},
								{
									"test": "is_family",
									"subject": "other",
									"value": "wandering_trader"
								}
							]
						},
						"max_dist": 50
					},
					{
						"filters": {
							"all_of": [
								{
									"test": "is_family",
									"subject": "other",
									"value": "villager"
								},
								{
									"test": "has_component",
									"subject": "other",
									"operator": "!=",
									"value": "minecraft:is_baby"
								}
							]
						},
						"max_dist": 50
					},
					{
						"filters": {
							"any_of": [
								{
									"test": "is_family",
									"subject": "other",
									"value": "fb_stage_plate_mark_bonnie_bunny"
								}
							]
						},
						"max_dist": 120,
						"must_see": false
					}
				],
				"must_see": true,
				"must_see_forget_duration": 17
			},
			"minecraft:nameable": {},
			"minecraft:follow_range": {
				"value": 200,
				"max": 512
			},
			"minecraft:pushable": {
				"is_pushable": true,
				"is_pushable_by_piston": true
			},
			"minecraft:navigation.walk": {
				"is_amphibious": true,
				"can_float": true,
				"can_pass_doors": true,
				"can_open_doors": true,
				"avoid_water": true,
				"avoid_portals": true,
				"can_path_over_water": true
			},
			"minecraft:movement.basic": {},
			"minecraft:jump.static": {},
			"minecraft:can_climb": {},
			"minecraft:type_family": {
				"family": [
					"fb_bonnie_bunny",
					"monster"
				]
			},
			"minecraft:health": {
				"value": 200,
				"max": 200
			},
			"minecraft:damage_sensor": {
				"triggers": [
					{
						"on_damage": {
							"filters": {
								"test": "has_damage",
								"value": "fatal"
							}
						},
						"event": "minecraft:event_spawn_dead"
					}
				]
			},
			"minecraft:attack": {
				"damage": 0
			},
			"minecraft:knockback_resistance": {
				"value": 5
			},
			"minecraft:behavior.break_door": {
				"priority": 1
			},
			"minecraft:behavior.melee_attack": {
				"priority": 1,
				"probability": 6,
				"speed_multiplier": 3,
				"track_target": false
			},
			"minecraft:behavior.move_towards_restriction": {
				"priority": 2,
				"speed_multiplier": 1.5
			},
			"minecraft:behavior.random_stroll": {
				"priority": 3,
				"speed_multiplier": 2
			},
			"minecraft:behavior.look_at_player": {
				"priority": 8,
				"look_distance": 20,
				"probability": 5
			},
			"minecraft:behavior.random_look_around": {
				"priority": 9
			},
			"minecraft:behavior.hurt_by_target": {
				"priority": 1
			},
			"minecraft:physics": {}
		},
		"events": {
			"nose": {
				"run_command": {
					"command": [
						"playanimation @s animation.fb_bonnie_bunny.nose",
						"effect @s slowness 1 2 true"
					]
				}
			},
			"minecraft:entity_spawned": {
				"randomize": [
					{
						"weight": 95,
						"remove": {},
						"add": {
							"component_groups": [
								"minecraft:bonnie_bunny_function_adult",
								"minecraft:bonnie_bunny_function_calm",
								"fb:bonnie_bunny_no_function2"
							]
						}
					}
				]
			},
			"minecraft:entity_transformed": {
				"randomize": [
					{
						"weight": 95,
						"remove": {},
						"add": {
							"component_groups": [
								"minecraft:bonnie_bunny_function_adult",
								"minecraft:bonnie_bunny_function_calm",
								"fb:bonnie_bunny_no_function2"
							]
						}
					}
				]
			},
			"minecraft:on_calm": {
				"remove": {
					"component_groups": [
						"minecraft:bonnie_bunny_function_angry",
						"minecraft:roar"
					]
				},
				"add": {
					"component_groups": [
						"minecraft:bonnie_bunny_function_calm",
						"minecraft:bonnie_bunny_function_closed"
					]
				}
			},
			"minecraft:become_angry": {
				"remove": {
					"component_groups": [
						"minecraft:bonnie_bunny_function_calm",
						"minecraft:bonnie_bunny_function_closed"
					]
				},
				"add": {
					"component_groups": [
						"minecraft:bonnie_bunny_function_angry",
						"minecraft:roar"
					]
				}
			},
			"fb:bonnie_bunny_showtime": {
				"add": {
					"component_groups": [
						"fb:showtime_bonnie_bunny"
					]
				}
			},
			"fb:function2": {
				"add": {
					"component_groups": [
						"fb:bonnie_bunny_function2"
					]
				},
				"remove": {
					"component_groups": [
						"fb:bonnie_bunny_no_function2"
					]
				}
			},
			"fb:no_function2": {
				"remove": {
					"component_groups": [
						"fb:bonnie_bunny_function2"
					]
				},
				"add": {
					"component_groups": [
						"fb:bonnie_bunny_no_function2"
					]
				}
			}
		}
	}
}