{
  "skins": [
    {
      "localization_name": "Skin1",
      "geometry": "geometry.humanoid.customSlim",
      "texture": "1.png",
      "type": "free"
    },
    {
      "localization_name": "Skin2",
      "geometry": "geometry.humanoid.customSlim",
      "texture": "2.png",
      "type": "free"
    },
    {
      "localization_name": "Skin3",
      "geometry": "geometry.humanoid.customSlim",
      "texture": "3.png",
      "type": "free"
    },
    {
      "localization_name": "Skin4",
      "geometry": "geometry.humanoid.customSlim",
      "texture": "4.png",
      "type": "free"
    },
    {
      "localization_name": "Skin5",
      "geometry": "geometry.humanoid.customSlim",
      "texture": "5.png",
      "type": "free"
    },
	{
      "localization_name": "Skin6",
      "geometry": "geometry.humanoid.customSlim",
      "texture": "6.png",
      "type": "free"
    },
	{
      "localization_name": "Skin7",
      "geometry": "geometry.humanoid.customSlim",
      "texture": "7.png",
      "type": "free"
    },
	{
      "localization_name": "Skin8",
      "geometry": "geometry.humanoid.customSlim",
      "texture": "8.png",
      "type": "free"
    },
	{
      "localization_name": "Skin9",
      "geometry": "geometry.humanoid.customSlim",
      "texture": "9.png",
      "type": "free"
    },
	{
      "localization_name": "Skin10",
      "geometry": "geometry.humanoid.customSlim",
      "texture": "10.png",
      "type": "free"
    },
	{
      "localization_name": "Skin11",
      "geometry": "geometry.humanoid.customSlim",
      "texture": "11.png",
      "type": "free"
    },
	{
      "localization_name": "Skin12",
      "geometry": "geometry.humanoid.customSlim",
      "texture": "12.png",
      "type": "free"
    },
	{
      "localization_name": "Skin13",
      "geometry": "geometry.humanoid.customSlim",
      "texture": "13.png",
      "type": "free"
    },
	{
      "localization_name": "Skin14",
      "geometry": "geometry.humanoid.customSlim",
      "texture": "14.png",
      "type": "free"
    },
	{
      "localization_name": "Skin15",
      "geometry": "geometry.humanoid.customSlim",
      "texture": "15.png",
      "type": "free"
    },
	{
      "localization_name": "Skin16",
      "geometry": "geometry.humanoid.customSlim",
      "texture": "16.png",
      "type": "free"
    },
	{
      "localization_name": "Skin17",
      "geometry": "geometry.humanoid.customSlim",
      "texture": "17.png",
      "type": "free"
    },
	{
      "localization_name": "Skin18",
      "geometry": "geometry.humanoid.customSlim",
      "texture": "18.png",
      "type": "free"
    },
	{
      "localization_name": "Skin19",
      "geometry": "geometry.humanoid.customSlim",
      "texture": "19.png",
      "type": "free"
    },
	{
      "localization_name": "Skin20",
      "geometry": "geometry.humanoid.customSlim",
      "texture": "20.png",
      "type": "free"
    },
	{
      "localization_name": "Skin21",
      "geometry": "geometry.humanoid.customSlim",
      "texture": "21.png",
      "type": "free"
    },
	{
      "localization_name": "Skin22",
      "geometry": "geometry.humanoid.customSlim",
      "texture": "22.png",
      "type": "free"
    },
	{
      "localization_name": "Skin23",
      "geometry": "geometry.humanoid.customSlim",
      "texture": "23.png",
      "type": "free"
    },
	{
      "localization_name": "Skin24",
      "geometry": "geometry.humanoid.customSlim",
      "texture": "24.png",
      "type": "free"
    },
	{
      "localization_name": "Skin25",
      "geometry": "geometry.humanoid.customSlim",
      "texture": "25.png",
      "type": "free"
    },
	{
      "localization_name": "Skin26",
      "geometry": "geometry.humanoid.customSlim",
      "texture": "26.png",
      "type": "free"
    },
	{
      "localization_name": "Skin27",
      "geometry": "geometry.humanoid.customSlim",
      "texture": "27.png",
      "type": "free"
    },
	{
      "localization_name": "Skin28",
      "geometry": "geometry.humanoid.customSlim",
      "texture": "28.png",
      "type": "free"
    },
	{
      "localization_name": "Skin29",
      "geometry": "geometry.humanoid.customSlim",
      "texture": "29.png",
      "type": "free"
    },
	{
      "localization_name": "Skin30",
      "geometry": "geometry.humanoid.customSlim",
      "texture": "30.png",
      "type": "free"
    },
	{
      "localization_name": "Skin31",
      "geometry": "geometry.humanoid.customSlim",
      "texture": "31.png",
      "type": "free"
    },
	{
      "localization_name": "Skin32",
      "geometry": "geometry.humanoid.customSlim",
      "texture": "32.png",
      "type": "free"
    },
	{
      "localization_name": "Skin33",
      "geometry": "geometry.humanoid.customSlim",
      "texture": "33.png",
      "type": "free"
    },
	{
      "localization_name": "Skin34",
      "geometry": "geometry.humanoid.customSlim",
      "texture": "34.png",
      "type": "free"
    },
	{
      "localization_name": "Skin35",
      "geometry": "geometry.humanoid.customSlim",
      "texture": "35.png",
      "type": "free"
    },
	{
      "localization_name": "Skin36",
      "geometry": "geometry.humanoid.customSlim",
      "texture": "36.png",
      "type": "free"
    },
	{
      "localization_name": "Skin37",
      "geometry": "geometry.humanoid.customSlim",
      "texture": "37.png",
      "type": "free"
    },
	{
      "localization_name": "Skin38",
      "geometry": "geometry.humanoid.customSlim",
      "texture": "38.png",
      "type": "free"
    },
	{
      "localization_name": "Skin39",
      "geometry": "geometry.humanoid.customSlim",
      "texture": "39.png",
      "type": "free"
    },
	{
      "localization_name": "Skin40",
      "geometry": "geometry.humanoid.customSlim",
      "texture": "40.png",
      "type": "free"
    },
	{
      "localization_name": "Skin41",
      "geometry": "geometry.humanoid.customSlim",
      "texture": "41.png",
      "type": "free"
    },
	{
      "localization_name": "Skin42",
      "geometry": "geometry.humanoid.customSlim",
      "texture": "42.png",
      "type": "free"
    },
	{
      "localization_name": "Skin43",
      "geometry": "geometry.humanoid.customSlim",
      "texture": "43.png",
      "type": "free"
    },
	{
      "localization_name": "Skin44",
      "geometry": "geometry.humanoid.customSlim",
      "texture": "44.png",
      "type": "free"
    },
	{
      "localization_name": "Skin45",
      "geometry": "geometry.humanoid.customSlim",
      "texture": "45.png",
      "type": "free"
    },
	{
      "localization_name": "Skin46",
      "geometry": "geometry.humanoid.customSlim",
      "texture": "46.png",
      "type": "free"
    },
	{
      "localization_name": "Skin47",
      "geometry": "geometry.humanoid.customSlim",
      "texture": "47.png",
      "type": "free"
    },
	{
      "localization_name": "Skin48",
      "geometry": "geometry.humanoid.customSlim",
      "texture": "48.png",
      "type": "free"
    },
	{
      "localization_name": "Skin49",
      "geometry": "geometry.humanoid.customSlim",
      "texture": "49.png",
      "type": "free"
    },
	{
      "localization_name": "Skin50",
      "geometry": "geometry.humanoid.customSlim",
      "texture": "50.png",
      "type": "free"
    },
	{
      "localization_name": "Skin51",
      "geometry": "geometry.humanoid.customSlim",
      "texture": "51.png",
      "type": "free"
    },
	{
      "localization_name": "Skin52",
      "geometry": "geometry.humanoid.customSlim",
      "texture": "52.png",
      "type": "free"
    },
	{
      "localization_name": "Skin53",
      "geometry": "geometry.humanoid.customSlim",
      "texture": "53.png",
      "type": "free"
    },
	{
      "localization_name": "Skin54",
      "geometry": "geometry.humanoid.customSlim",
      "texture": "54.png",
      "type": "free"
    },
	{
      "localization_name": "Skin55",
      "geometry": "geometry.humanoid.customSlim",
      "texture": "55.png",
      "type": "free"
    },
	{
      "localization_name": "Skin56",
      "geometry": "geometry.humanoid.customSlim",
      "texture": "56.png",
      "type": "free"
    },
	{
      "localization_name": "Skin57",
      "geometry": "geometry.humanoid.customSlim",
      "texture": "57.png",
      "type": "free"
    },
	{
      "localization_name": "Skin58",
      "geometry": "geometry.humanoid.customSlim",
      "texture": "58.png",
      "type": "free"
    },
	{
      "localization_name": "Skin59",
      "geometry": "geometry.humanoid.customSlim",
      "texture": "59.png",
      "type": "free"
    },
	{
      "localization_name": "Skin60",
      "geometry": "geometry.humanoid.customSlim",
      "texture": "60.png",
      "type": "free"
    },
	{
      "localization_name": "Skin61",
      "geometry": "geometry.humanoid.customSlim",
      "texture": "61.png",
      "type": "free"
    },
	{
      "localization_name": "Skin62",
      "geometry": "geometry.humanoid.customSlim",
      "texture": "62.png",
      "type": "free"
    },
	{
      "localization_name": "Skin63",
      "geometry": "geometry.humanoid.customSlim",
      "texture": "63.png",
      "type": "free"
    },
	{
      "localization_name": "Skin64",
      "geometry": "geometry.humanoid.customSlim",
      "texture": "64.png",
      "type": "free"
    },
	{
      "localization_name": "Skin65",
      "geometry": "geometry.humanoid.customSlim",
      "texture": "65.png",
      "type": "free"
    },
	{
      "localization_name": "Skin66",
      "geometry": "geometry.humanoid.customSlim",
      "texture": "66.png",
      "type": "free"
    },
	{
      "localization_name": "Skin67",
      "geometry": "geometry.humanoid.customSlim",
      "texture": "67.png",
      "type": "free"
    },
	{
      "localization_name": "Skin68",
      "geometry": "geometry.humanoid.customSlim",
      "texture": "68.png",
      "type": "free"
    },
	{
      "localization_name": "Skin69",
      "geometry": "geometry.humanoid.customSlim",
      "texture": "69.png",
      "type": "free"
    },
	{
      "localization_name": "Skin70",
      "geometry": "geometry.humanoid.customSlim",
      "texture": "70.png",
      "type": "free"
    },
	{
      "localization_name": "Skin71",
      "geometry": "geometry.humanoid.customSlim",
      "texture": "71.png",
      "type": "free"
    },
	{
      "localization_name": "Skin72",
      "geometry": "geometry.humanoid.customSlim",
      "texture": "72.png",
      "type": "free"
    },
	{
      "localization_name": "Skin73",
      "geometry": "geometry.humanoid.customSlim",
      "texture": "73.png",
      "type": "free"
    },
	{
      "localization_name": "Skin74",
      "geometry": "geometry.humanoid.customSlim",
      "texture": "74.png",
      "type": "free"
    },
	{
      "localization_name": "Skin75",
      "geometry": "geometry.humanoid.customSlim",
      "texture": "75.png",
      "type": "free"
    },
	{
      "localization_name": "Skin76",
      "geometry": "geometry.humanoid.customSlim",
      "texture": "76.png",
      "type": "free"
    },
	{
      "localization_name": "Skin77",
      "geometry": "geometry.humanoid.customSlim",
      "texture": "77.png",
      "type": "free"
    },
	{
      "localization_name": "Skin78",
      "geometry": "geometry.humanoid.customSlim",
      "texture": "78.png",
      "type": "free"
    },
	{
      "localization_name": "Skin79",
      "geometry": "geometry.humanoid.customSlim",
      "texture": "79.png",
      "type": "free"
    },
	{
      "localization_name": "Skin80",
      "geometry": "geometry.humanoid.customSlim",
      "texture": "80.png",
      "type": "free"
    },
	{
      "localization_name": "Skin81",
      "geometry": "geometry.humanoid.customSlim",
      "texture": "81.png",
      "type": "free"
    },
	{
      "localization_name": "Skin82",
      "geometry": "geometry.humanoid.customSlim",
      "texture": "82.png",
      "type": "free"
    },
	{
      "localization_name": "Skin83",
      "geometry": "geometry.humanoid.customSlim",
      "texture": "83.png",
      "type": "free"
    },
	{
      "localization_name": "Skin84",
      "geometry": "geometry.humanoid.customSlim",
      "texture": "84.png",
      "type": "free"
    },
	{
      "localization_name": "Skin85",
      "geometry": "geometry.humanoid.customSlim",
      "texture": "85.png",
      "type": "free"
    },
	{
      "localization_name": "Skin86",
      "geometry": "geometry.humanoid.customSlim",
      "texture": "86.png",
      "type": "free"
    },
	{
      "localization_name": "Skin87",
      "geometry": "geometry.humanoid.customSlim",
      "texture": "87.png",
      "type": "free"
    },
	{
      "localization_name": "Skin88",
      "geometry": "geometry.humanoid.customSlim",
      "texture": "88.png",
      "type": "free"
    },
	{
      "localization_name": "Skin89",
      "geometry": "geometry.humanoid.customSlim",
      "texture": "89.png",
      "type": "free"
    },
	{
      "localization_name": "Skin90",
      "geometry": "geometry.humanoid.customSlim",
      "texture": "90.png",
      "type": "free"
    },
	{
      "localization_name": "Skin91",
      "geometry": "geometry.humanoid.customSlim",
      "texture": "91.png",
      "type": "free"
    },
	{
      "localization_name": "Skin92",
      "geometry": "geometry.humanoid.customSlim",
      "texture": "92.png",
      "type": "free"
    },
	{
      "localization_name": "Skin93",
      "geometry": "geometry.humanoid.customSlim",
      "texture": "93.png",
      "type": "free"
    },
	{
      "localization_name": "Skin94",
      "geometry": "geometry.humanoid.customSlim",
      "texture": "94.png",
      "type": "free"
    },
	{
      "localization_name": "Skin95",
      "geometry": "geometry.humanoid.customSlim",
      "texture": "95.png",
      "type": "free"
    },
	{
      "localization_name": "Skin96",
      "geometry": "geometry.humanoid.customSlim",
      "texture": "96.png",
      "type": "free"
    },
	{
      "localization_name": "Skin97",
      "geometry": "geometry.humanoid.customSlim",
      "texture": "97.png",
      "type": "free"
    },
	{
      "localization_name": "Skin98",
      "geometry": "geometry.humanoid.customSlim",
      "texture": "98.png",
      "type": "free"
    },
	{
      "localization_name": "Skin99",
      "geometry": "geometry.humanoid.customSlim",
      "texture": "99.png",
      "type": "free"
    },
	{
      "localization_name": "Skin100",
      "geometry": "geometry.humanoid.customSlim",
      "texture": "100.png",
      "type": "free"
    },
	{
      "localization_name": "Skin101",
      "geometry": "geometry.humanoid.customSlim",
      "texture": "101.png",
      "type": "free"
    },
	{
      "localization_name": "Skin102",
      "geometry": "geometry.humanoid.customSlim",
      "texture": "102.png",
      "type": "free"
    },
	{
      "localization_name": "Skin103",
      "geometry": "geometry.humanoid.customSlim",
      "texture": "103.png",
      "type": "free"
    },
	{
      "localization_name": "Skin104",
      "geometry": "geometry.humanoid.customSlim",
      "texture": "104.png",
      "type": "free"
    },
	{
      "localization_name": "Skin105",
      "geometry": "geometry.humanoid.customSlim",
      "texture": "105.png",
      "type": "free"
    },
	{
      "localization_name": "Skin106",
      "geometry": "geometry.humanoid.customSlim",
      "texture": "106.png",
      "type": "free"
    },
	{
      "localization_name": "Skin107",
      "geometry": "geometry.humanoid.customSlim",
      "texture": "107.png",
      "type": "free"
    },
	{
      "localization_name": "Skin108",
      "geometry": "geometry.humanoid.customSlim",
      "texture": "108.png",
      "type": "free"
    },
	{
      "localization_name": "Skin109",
      "geometry": "geometry.humanoid.customSlim",
      "texture": "109.png",
      "type": "free"
    },
	{
      "localization_name": "Skin110",
      "geometry": "geometry.humanoid.customSlim",
      "texture": "110.png",
      "type": "free"
    },
	{
      "localization_name": "Skin111",
      "geometry": "geometry.humanoid.customSlim",
      "texture": "111.png",
      "type": "free"
    },
	{
      "localization_name": "Skin112",
      "geometry": "geometry.humanoid.customSlim",
      "texture": "112.png",
      "type": "free"
    },
	{
      "localization_name": "Skin113",
      "geometry": "geometry.humanoid.customSlim",
      "texture": "113.png",
      "type": "free"
    },
	{
      "localization_name": "Skin114",
      "geometry": "geometry.humanoid.customSlim",
      "texture": "114.png",
      "type": "free"
    },
	{
      "localization_name": "Skin115",
      "geometry": "geometry.humanoid.customSlim",
      "texture": "115.png",
      "type": "free"
    },
	{
      "localization_name": "Skin116",
      "geometry": "geometry.humanoid.customSlim",
      "texture": "116.png",
      "type": "free"
    },
	{
      "localization_name": "Skin117",
      "geometry": "geometry.humanoid.customSlim",
      "texture": "117.png",
      "type": "free"
    },
	{
      "localization_name": "Skin118",
      "geometry": "geometry.humanoid.customSlim",
      "texture": "118.png",
      "type": "free"
    },
	{
      "localization_name": "Skin119",
      "geometry": "geometry.humanoid.customSlim",
      "texture": "119.png",
      "type": "free"
    },
	{
      "localization_name": "Skin120",
      "geometry": "geometry.humanoid.customSlim",
      "texture": "120.png",
      "type": "free"
    },
	{
      "localization_name": "Skin121",
      "geometry": "geometry.humanoid.customSlim",
      "texture": "121.png",
      "type": "free"
    },
	{
      "localization_name": "Skin122",
      "geometry": "geometry.humanoid.customSlim",
      "texture": "122.png",
      "type": "free"
    },
	{
      "localization_name": "Skin123",
      "geometry": "geometry.humanoid.customSlim",
      "texture": "123.png",
      "type": "free"
    },
	{
      "localization_name": "Skin124",
      "geometry": "geometry.humanoid.customSlim",
      "texture": "124.png",
      "type": "free"
    },
	{
      "localization_name": "Skin125",
      "geometry": "geometry.humanoid.customSlim",
      "texture": "125.png",
      "type": "free"
    },
	{
      "localization_name": "Skin126",
      "geometry": "geometry.humanoid.customSlim",
      "texture": "126.png",
      "type": "free"
    },
	{
      "localization_name": "Skin127",
      "geometry": "geometry.humanoid.customSlim",
      "texture": "127.png",
      "type": "free"
    },
	{
      "localization_name": "Skin128",
      "geometry": "geometry.humanoid.customSlim",
      "texture": "128.png",
      "type": "free"
    },
	{
      "localization_name": "Skin129",
      "geometry": "geometry.humanoid.customSlim",
      "texture": "129.png",
      "type": "free"
    },
	{
      "localization_name": "Skin130",
      "geometry": "geometry.humanoid.customSlim",
      "texture": "130.png",
      "type": "free"
    },
	{
      "localization_name": "Skin131",
      "geometry": "geometry.humanoid.customSlim",
      "texture": "131.png",
      "type": "free"
    },
	{
      "localization_name": "Skin132",
      "geometry": "geometry.humanoid.customSlim",
      "texture": "132.png",
      "type": "free"
    },
	{
      "localization_name": "Skin133",
      "geometry": "geometry.humanoid.customSlim",
      "texture": "133.png",
      "type": "free"
    },
	{
      "localization_name": "Skin134",
      "geometry": "geometry.humanoid.customSlim",
      "texture": "134.png",
      "type": "free"
    },
	{
      "localization_name": "Skin135",
      "geometry": "geometry.humanoid.customSlim",
      "texture": "135.png",
      "type": "free"
    },
	{
      "localization_name": "Skin136",
      "geometry": "geometry.humanoid.customSlim",
      "texture": "136.png",
      "type": "free"
    },
	{
      "localization_name": "Skin137",
      "geometry": "geometry.humanoid.customSlim",
      "texture": "137.png",
      "type": "free"
    },
	{
      "localization_name": "Skin138",
      "geometry": "geometry.humanoid.customSlim",
      "texture": "138.png",
      "type": "free"
    },
	{
      "localization_name": "Skin139",
      "geometry": "geometry.humanoid.customSlim",
      "texture": "139.png",
      "type": "free"
    },
	{
      "localization_name": "Skin140",
      "geometry": "geometry.humanoid.customSlim",
      "texture": "140.png",
      "type": "free"
    },
	{
      "localization_name": "Skin141",
      "geometry": "geometry.humanoid.customSlim",
      "texture": "141.png",
      "type": "free"
    },
	{
      "localization_name": "Skin142",
      "geometry": "geometry.humanoid.customSlim",
      "texture": "142.png",
      "type": "free"
    },
	{
      "localization_name": "Skin143",
      "geometry": "geometry.humanoid.customSlim",
      "texture": "143.png",
      "type": "free"
    },
	{
      "localization_name": "Skin144",
      "geometry": "geometry.humanoid.customSlim",
      "texture": "144.png",
      "type": "free"
    },
	{
      "localization_name": "Skin145",
      "geometry": "geometry.humanoid.customSlim",
      "texture": "145.png",
      "type": "free"
    },
	{
      "localization_name": "Skin146",
      "geometry": "geometry.humanoid.customSlim",
      "texture": "146.png",
      "type": "free"
    },
	{
      "localization_name": "Skin147",
      "geometry": "geometry.humanoid.customSlim",
      "texture": "147.png",
      "type": "free"
    },
	{
      "localization_name": "Skin148",
      "geometry": "geometry.humanoid.customSlim",
      "texture": "148.png",
      "type": "free"
    },
	{
      "localization_name": "Skin149",
      "geometry": "geometry.humanoid.customSlim",
      "texture": "149.png",
      "type": "free"
    },
	{
      "localization_name": "Skin150",
      "geometry": "geometry.humanoid.customSlim",
      "texture": "150.png",
      "type": "free"
    },
	{
      "localization_name": "Skin151",
      "geometry": "geometry.humanoid.customSlim",
      "texture": "151.png",
      "type": "free"
    },
	{
      "localization_name": "Skin152",
      "geometry": "geometry.humanoid.customSlim",
      "texture": "152.png",
      "type": "free"
    },
	{
      "localization_name": "Skin153",
      "geometry": "geometry.humanoid.customSlim",
      "texture": "153.png",
      "type": "free"
    },
	{
      "localization_name": "Skin154",
      "geometry": "geometry.humanoid.customSlim",
      "texture": "154.png",
      "type": "free"
    },
	{
      "localization_name": "Skin155",
      "geometry": "geometry.humanoid.customSlim",
      "texture": "155.png",
      "type": "free"
    },
	{
      "localization_name": "Skin156",
      "geometry": "geometry.humanoid.customSlim",
      "texture": "156.png",
      "type": "free"
    },
	{
      "localization_name": "Skin157",
      "geometry": "geometry.humanoid.customSlim",
      "texture": "157.png",
      "type": "free"
    },
	{
      "localization_name": "Skin158",
      "geometry": "geometry.humanoid.customSlim",
      "texture": "158.png",
      "type": "free"
    },
	{
      "localization_name": "Skin159",
      "geometry": "geometry.humanoid.customSlim",
      "texture": "159.png",
      "type": "free"
    },
	{
      "localization_name": "Skin160",
      "geometry": "geometry.humanoid.customSlim",
      "texture": "160.png",
      "type": "free"
    },
	{
      "localization_name": "Skin161",
      "geometry": "geometry.humanoid.customSlim",
      "texture": "161.png",
      "type": "free"
    },
	{
      "localization_name": "Skin162",
      "geometry": "geometry.humanoid.customSlim",
      "texture": "162.png",
      "type": "free"
    },
	{
      "localization_name": "Skin163",
      "geometry": "geometry.humanoid.customSlim",
      "texture": "163.png",
      "type": "free"
    },
	{
      "localization_name": "Skin164",
      "geometry": "geometry.humanoid.customSlim",
      "texture": "164.png",
      "type": "free"
    },
	{
      "localization_name": "Skin165",
      "geometry": "geometry.humanoid.customSlim",
      "texture": "165.png",
      "type": "free"
    },
	{
      "localization_name": "Skin166",
      "geometry": "geometry.humanoid.customSlim",
      "texture": "166.png",
      "type": "free"
    },
	{
      "localization_name": "Skin167",
      "geometry": "geometry.humanoid.customSlim",
      "texture": "167.png",
      "type": "free"
    },
	{
      "localization_name": "Skin168",
      "geometry": "geometry.humanoid.customSlim",
      "texture": "168.png",
      "type": "free"
    },
	{
      "localization_name": "Skin169",
      "geometry": "geometry.humanoid.customSlim",
      "texture": "169.png",
      "type": "free"
    },
	{
      "localization_name": "Skin170",
      "geometry": "geometry.humanoid.customSlim",
      "texture": "170.png",
      "type": "free"
    },
	{
      "localization_name": "Skin171",
      "geometry": "geometry.humanoid.customSlim",
      "texture": "171.png",
      "type": "free"
    },
	{
      "localization_name": "Skin172",
      "geometry": "geometry.humanoid.customSlim",
      "texture": "172.png",
      "type": "free"
    },
	{
      "localization_name": "Skin173",
      "geometry": "geometry.humanoid.customSlim",
      "texture": "173.png",
      "type": "free"
    }
  ],
  "serialize_name": "AestheticPlus",
  "localization_name": "AestheticPlus"
}