{ 
  "main_buttons_panel": {
    "type": "panel",
    "size": "$main_panel_size",
    "variables": [
      {
        "requires": "$education_edition",
        "$main_panel_size": [ 175, "100%c" ]
      },
      {
        "requires": "(not $education_edition)",
        "$main_panel_size": [ 150, "100%c" ]
      }
    ],
    "controls": [
      {
        "stacked_rows": {
          "type": "stack_panel",
          "size": [ "100%", "100%c" ],
          "anchor_from": "bottom_middle",
          "anchor_to": "bottom_middle",
          "controls": [
            {
              "stacked_row_0@start.stacked_row": {
                "controls": [
                  { "play_button@start.play_button": {} }
                ]
              }
            },
            {
              "stacked_row_1@start.stacked_row": {
                "ignored": "$achievements_ignored",
                "controls": [
                  { "achievements_button@start.achievements_button": {} }
                ],
                "bindings": [
                  {
                    "binding_name": "#achievements_visible",
                    "binding_name_override": "#visible"
                  }
                ]
              }
            },
            {
              "stacked_row_2@start.stacked_row": {
                "ignored": "(not $trial)",
                "controls": [
                  {
                    "stacked_columns": {
                      "type": "stack_panel",
                      "size": [ "100%", "100%" ],
                      "orientation": "horizontal",
                      "controls": [
                        {
                          "stacked_col_0": {
                            "type": "panel",
                            "size": [ "fill", "100%" ],
                            "controls": [
                              { "settings_button@start.settings_button": {} }
                            ]
                          }
                        },
                        {
                          "store@start.store_button_stack": {                            
                            "size": [ "fill", "100%" ],
                            "ignored": "($store_ignored)"                            
                          }
                        }
                      ]
                    }
                  }
                ]
              }
            },
            {
              "settings@start.stacked_row": {
                "ignored": "$trial",
                "controls": [
                  { "settings_button@start.settings_button": {} }
                ]
              }
            },
            {
              "library@start.stacked_row": {
                "ignored": "(not $education_edition)",
                "controls": [
                  { "library_button@start.library_button": {} },
                  {
                    "beta_icon@start.beta_icon": {
                      "ignored": "$ios",
                      "offset": [ 8, -6 ]
                    }
                  }
                ]
              }
            },
            {
              "quick_play_educator_resources@start.stacked_row": {
                "ignored": "(not $education_edition)",
                "controls": [
                  {
                    "quick_play_button@start.quick_play_button": {
                      "bindings": [
                        {
                          "binding_name": "(not #teacher_content_visible)",
                          "binding_name_override": "#visible"
                        }
                      ]
                    }
                  },
                  {
                    "educator_resources_button@start.educator_resources_button": {
                      "bindings": [
                        {
                          "binding_name": "#teacher_content_visible",
                          "binding_name_override": "#visible"
                        }
                      ]
                    }
                  }
                ]
              }
            },
            {
              "store@start.store_button_stack":{
				"ignored": "(($trial) or ($store_ignored))"
			  }
            },
            {
              "buy_game@start.stacked_row": {
                "controls": [
                  { "buy_game_button@start.buy_game_button": {} }
                ],
                "bindings": [
                  {
                    "binding_name": "#trial_game_mode",
                    "binding_name_override": "#visible"
                  }
                ]
              }
            }
          ]
        }
      }
    ]
  },
  
  "store_button_stack@start.stacked_row": {	
	"controls": [
	  {
		"store_button@start.store_button": {
		  "enabled": "(not $store_disabled)"
		}
	  },
	  {
		"update_icon@start.update_prompt_icon": {
		  "size": [ "52.38%y", 15 ],
		  "offset": [ -16, -6 ],
		  "bindings": [
			{
			  "binding_name": "#update_icon_visible",
			  "binding_name_override": "#visible",
			  "binding_condition": "always"
			}
		  ]
		}
	  },
	  {
		"dragon_image":{
		  "type": "image",
		  "texture": "textures/ui/dragon",
		  "size": [ 44, 26 ],
		  "uv_size": [ 44, 26 ],
		  "uv": "@start.dragon_animation",
		  "anchor_from": "bottom_right",
		  "anchor_to": "bottom_right",
		  "offset": [ -9, -3],
		  "layer": 10
		}
	  }
	]
  },
  
  "dragon_animation": {
    "anim_type": "flip_book",
    "initial_uv": [ 0, 0 ],
    "frame_count": 2,
    "frame_step": 44,
    "fps": 2,
	"reversible": true
  }
}