{
	"format_version": "1.16.100",
	"minecraft:block": {
		"description": {
			"identifier": "fb:balloons_up",
			"properties": {
				"p:facing": [
					0,
					1,
					2,
					3
				],
				"p:changer": [
					0,
					1,
					2
				]
			}
		},
		"permutations": [
			{
				"condition": "q.block_property('p:facing') == 0",
				"components": {
					"minecraft:rotation": [
						0,
						180,
						0
					]
				}
			},
			{
				"condition": "q.block_property('p:facing') == 1",
				"components": {
					"minecraft:rotation": [
						0,
						0,
						0
					]
				}
			},
			{
				"condition": "q.block_property('p:facing') == 2",
				"components": {
					"minecraft:rotation": [
						0,
						270,
						0
					]
				}
			},
			{
				"condition": "q.block_property('p:facing') == 3",
				"components": {
					"minecraft:rotation": [
						0,
						90,
						0
					]
				}
			},
			{
				"condition": "q.block_property('p:changer') == 0",
				"components": {
					"minecraft:material_instances": {
						"*": {
							"texture": "balloons1",
							"render_method": "blend",
							"geometry": "trash_1",
							"ambient_occlusion": false
						}
					}
				}
			},
			{
				"condition": "q.block_property('p:changer') == 1",
				"components": {
					"minecraft:material_instances": {
						"*": {
							"texture": "balloons4",
							"render_method": "blend",
							"geometry": "trash_2",
							"ambient_occlusion": false
						}
					}
				}
			},
			{
				"condition": "q.block_property('p:changer') == 2",
				"components": {
					"minecraft:material_instances": {
						"*": {
							"texture": "balloons5",
							"render_method": "blend",
							"geometry": "trash_3",
							"ambient_occlusion": false
						}
					}
				}
			}
		],
		"components": {
			"tag:rustic": {},
			"tag:vase": {},
			"minecraft:display_name": "fb:balloons_up",
			"minecraft:map_color": "#ffffff",
			"minecraft:destroy_time": 4,
			"minecraft:explosion_resistance": 4,
			"minecraft:block_light_absorption": 0,
			"minecraft:breathability": "air",
			"minecraft:flammable": {
				"flame_odds": 30,
				"burn_odds": 30
			},
			"minecraft:geometry": "geometry.balloons",
			"minecraft:aim_collision": {
				"origin": [
					-8,
					0,
					-8
				],
				"size": [
					16,
					16,
					16
				]
			},
			"minecraft:entity_collision": {
				"origin": [
					-8,
					0,
					-8
				],
				"size": [
					0,
					0,
					0
				]
			},
			"minecraft:on_player_placing": {
				"event": "e:set.facing"
			},
			"minecraft:placement_filter": {
				"conditions": [
					{
						"block_filter": [
							"fb:balloons_middle"
						],
						"allowed_faces": [
							"up"
						]
					}
				]
			},
			"minecraft:loot": "loot_tables/empty.json"
		},
		"events": {
			"e:set.facing": {
				"set_block_property": {
					"p:facing": "q.cardinal_facing_2d-2"
				}
			},
			"e:cycle_changer": {
				"set_block_property": {
					"p:changer": "q.block_property('p:changer')==2?0:q.block_property('p:changer')+1"
				},
				"run_command": {
					"command": [
						"playsound block.lantern.break @p ~~~",
						"particle foxes:texture ~~~"
					]
				}
			},
			"destroy": {
				"set_block_at_pos": {
					"block_type": "minecraft:air",
					"block_offset": [
						0,
						-2,
						0
					]
				},
				"spawn_loot": {
					"table": "loot_tables/empty.json"
				}
			}
		}
	}
}