{
	"format_version": "1.13.0",
	"minecraft:entity": {
		"description": {
			"identifier": "fb:foxy",
			"runtime_identifier": "minecraft:armor_stand",
			"is_spawnable": true,
			"is_summonable": true,
			"is_experimental": false,
			"scripts": {
				"animate": [
					"bridge_execute_commands"
				]
			},
			"animations": {
				"bridge_execute_commands": "controller.animation.bridge_bonnie.execute_commands"
			}
		},
		"components": {
			"minecraft:type_family": {
				"family": [
					"armor_stand",
					"inanimate",
					"mob"
				]
			},
			"minecraft:collision_box": {
				"width": 0.5,
				"height": 1.975
			},
			"minecraft:health": {
				"value": 6,
				"max": 6
			},
			"minecraft:item_controllable": {
				"control_items": [
					"fb:rotate"
				]
			},
			"minecraft:hurt_on_condition": {
				"damage_conditions": [
					{
						"filters": {
							"test": "in_lava",
							"subject": "self",
							"operator": "==",
							"value": true
						},
						"cause": "lava",
						"damage_per_tick": 4
					}
				]
			},
			"minecraft:knockback_resistance": {
				"value": 1
			},
			"minecraft:loot": {
				"table": "loot_tables/entities/armor_stand.json"
			},
			"minecraft:nameable": {},
			"minecraft:persistent": {},
			"minecraft:physics": {},
			"minecraft:pushable": {
				"is_pushable": false,
				"is_pushable_by_piston": true
			},
			"minecraft:conditional_bandwidth_optimization": {}
		},
		"component_groups": {
			"color:default": {
				"minecraft:variant": {
					"value": 0
				},
				"minecraft:interact": {
					"interactions": [
						{
							"on_interact": {
								"filters": {
									"all_of": [
										{
											"test": "is_family",
											"subject": "other",
											"value": "player"
										},
										{
											"test": "has_equipment",
											"domain": "hand",
											"subject": "other",
											"value": "fb:placeholder"
										}
									]
								},
								"event": "fb:color_blue"
							},
							"use_item": false,
							"interact_text": "action.interact.color"
						},
						{
							"on_interact": {
								"filters": {
									"all_of": [
										{
											"test": "is_family",
											"subject": "other",
											"value": "player"
										},
										{
											"test": "has_equipment",
											"domain": "hand",
											"subject": "other",
											"value": "fb:rotate"
										}
									]
								},
								"event": "rotate"
							},
							"use_item": false,
							"interact_text": "action.interact.rotate"
						},
						{
							"on_interact": {
								"filters": {
									"all_of": [
										{
											"test": "is_family",
											"subject": "other",
											"value": "player"
										},
										{
											"test": "has_equipment",
											"domain": "hand",
											"subject": "other",
											"value": "fb:changer_tool_item"
										}
									]
								},
								"event": "moving"
							},
							"use_item": false,
							"interact_text": "action.interact.move"
						}
					]
				}
			},
			"color:blue": {
				"minecraft:variant": {
					"value": 1
				},
				"minecraft:interact": {
					"interactions": [
						{
							"on_interact": {
								"filters": {
									"all_of": [
										{
											"test": "is_family",
											"subject": "other",
											"value": "player"
										},
										{
											"test": "has_equipment",
											"domain": "hand",
											"subject": "other",
											"value": "fb:placeholder"
										}
									]
								},
								"event": "fb:color_var1"
							},
							"use_item": false,
							"interact_text": "action.interact.color"
						},
						{
							"on_interact": {
								"filters": {
									"all_of": [
										{
											"test": "is_family",
											"subject": "other",
											"value": "player"
										},
										{
											"test": "has_equipment",
											"domain": "hand",
											"subject": "other",
											"value": "fb:rotate"
										}
									]
								},
								"event": "rotate"
							},
							"use_item": false,
							"interact_text": "action.interact.rotate"
						},
						{
							"on_interact": {
								"filters": {
									"all_of": [
										{
											"test": "is_family",
											"subject": "other",
											"value": "player"
										},
										{
											"test": "has_equipment",
											"domain": "hand",
											"subject": "other",
											"value": "fb:changer_tool_item"
										}
									]
								},
								"event": "moving"
							},
							"use_item": false,
							"interact_text": "action.interact.move"
						}
					]
				}
			},
			"color:var1": {
				"minecraft:variant": {
					"value": 2
				},
				"minecraft:interact": {
					"interactions": [
						{
							"on_interact": {
								"filters": {
									"all_of": [
										{
											"test": "is_family",
											"subject": "other",
											"value": "player"
										},
										{
											"test": "has_equipment",
											"domain": "hand",
											"subject": "other",
											"value": "fb:placeholder"
										}
									]
								},
								"event": "fb:color_var2"
							},
							"use_item": false,
							"interact_text": "action.interact.color"
						},
						{
							"on_interact": {
								"filters": {
									"all_of": [
										{
											"test": "is_family",
											"subject": "other",
											"value": "player"
										},
										{
											"test": "has_equipment",
											"domain": "hand",
											"subject": "other",
											"value": "fb:rotate"
										}
									]
								},
								"event": "rotate"
							},
							"use_item": false,
							"interact_text": "action.interact.rotate"
						},
						{
							"on_interact": {
								"filters": {
									"all_of": [
										{
											"test": "is_family",
											"subject": "other",
											"value": "player"
										},
										{
											"test": "has_equipment",
											"domain": "hand",
											"subject": "other",
											"value": "fb:changer_tool_item"
										}
									]
								},
								"event": "moving"
							},
							"use_item": false,
							"interact_text": "action.interact.move"
						}
					]
				}
			},
			"color:var2": {
				"minecraft:variant": {
					"value": 3
				},
				"minecraft:interact": {
					"interactions": [
						{
							"on_interact": {
								"filters": {
									"all_of": [
										{
											"test": "is_family",
											"subject": "other",
											"value": "player"
										},
										{
											"test": "has_equipment",
											"domain": "hand",
											"subject": "other",
											"value": "fb:placeholder"
										}
									]
								},
								"event": "fb:color_default"
							},
							"use_item": false,
							"interact_text": "action.interact.color"
						},
						{
							"on_interact": {
								"filters": {
									"all_of": [
										{
											"test": "is_family",
											"subject": "other",
											"value": "player"
										},
										{
											"test": "has_equipment",
											"domain": "hand",
											"subject": "other",
											"value": "fb:rotate"
										}
									]
								},
								"event": "rotate"
							},
							"use_item": false,
							"interact_text": "action.interact.rotate"
						},
						{
							"on_interact": {
								"filters": {
									"all_of": [
										{
											"test": "is_family",
											"subject": "other",
											"value": "player"
										},
										{
											"test": "has_equipment",
											"domain": "hand",
											"subject": "other",
											"value": "fb:changer_tool_item"
										}
									]
								},
								"event": "moving"
							},
							"use_item": false,
							"interact_text": "action.interact.move"
						}
					]
				}
			},
			"bridge:execute_command_id_1": {
				"minecraft:skin_id": {
					"value": 1
				}
			},
			"bridge:execute_no_command": {
				"minecraft:skin_id": {
					"value": 0
				}
			},
			"bridge:execute_command_id_2": {
				"minecraft:skin_id": {
					"value": 2
				}
			},
			"bridge:execute_command_id_3": {
				"minecraft:skin_id": {
					"value": 3
				}
			}
		},
		"events": {
			"minecraft:entity_spawned": {
				"add": {
					"component_groups": [
						"color:default",
						"bridge:execute_command_id_1"
					]
				}
			},
			"fb:color_default": {
				"add": {
					"component_groups": [
						"color:default"
					]
				},
				"remove": {
					"component_groups": [
						"color:blue",
						"color:var1",
						"color:var2"
					]
				}
			},
			"fb:color_blue": {
				"add": {
					"component_groups": [
						"color:blue"
					]
				},
				"remove": {
					"component_groups": [
						"color:default",
						"color:var1",
						"color:var2"
					]
				}
			},
			"fb:color_var1": {
				"add": {
					"component_groups": [
						"color:var1"
					]
				},
				"remove": {
					"component_groups": [
						"color:default",
						"color:blue",
						"color:var2"
					]
				}
			},
			"fb:color_var2": {
				"add": {
					"component_groups": [
						"color:var2"
					]
				},
				"remove": {
					"component_groups": [
						"color:default",
						"color:blue",
						"color:var1"
					]
				}
			},
			"moving": {
				"add": {
					"component_groups": [
						"bridge:execute_command_id_3"
					]
				}
			},
			"rotate": {
				"add": {
					"component_groups": [
						"bridge:execute_command_id_2"
					]
				}
			},
			"bridge:remove_command_id_1": {
				"add": {
					"component_groups": [
						"bridge:execute_no_command"
					]
				},
				"remove": {
					"component_groups": [
						"bridge:execute_command_id_1"
					]
				}
			},
			"bridge:remove_command_id_2": {
				"add": {
					"component_groups": [
						"bridge:execute_no_command"
					]
				},
				"remove": {
					"component_groups": [
						"bridge:execute_command_id_2"
					]
				}
			},
			"bridge:remove_command_id_3": {
				"add": {
					"component_groups": [
						"bridge:execute_no_command"
					]
				},
				"remove": {
					"component_groups": [
						"bridge:execute_command_id_3"
					]
				}
			}
		}
	}
}