{
	"format_version": "1.20.10",
	"minecraft:block": {
		"description": {
			"identifier": "fb:black_door",
			"menu_category": {
				"category": "none",
				"is_hidden_in_commands": false
			},
			"properties": {
				"fb:open_bit": [
					false,
					true
				],
				"fb:hinge_bit": [
					false,
					true
				],
				"fb:upper_block_bit": [
					false,
					true
				]
			},
			"traits": {
				"minecraft:placement_direction": {
					"enabled_states": [
						"minecraft:cardinal_direction"
					]
				}
			}
		},
		"components": {
			"minecraft:geometry": {
				"identifier": "geometry.pizzeria_doors",
				"bone_visibility": {
					"lower_close": "(query.block_property('fb:open_bit') == false && query.block_property('fb:upper_block_bit') == false && query.block_property('fb:hinge_bit') == false) || (query.block_property('fb:open_bit') == true && query.block_property('fb:upper_block_bit') == false && query.block_property('fb:hinge_bit') == true)",
					"lower_open": "(query.block_property('fb:open_bit') == true && query.block_property('fb:upper_block_bit') == false && query.block_property('fb:hinge_bit') == false) || (query.block_property('fb:open_bit') == false && query.block_property('fb:upper_block_bit') == false && query.block_property('fb:hinge_bit') == true)",
					"upper_close": "(query.block_property('fb:open_bit') == false && query.block_property('fb:upper_block_bit') == true && query.block_property('fb:hinge_bit') == false) || (query.block_property('fb:open_bit') == true && query.block_property('fb:upper_block_bit') == true && query.block_property('fb:hinge_bit') == true)",
					"upper_open": "(query.block_property('fb:open_bit') == true && query.block_property('fb:upper_block_bit') == true && query.block_property('fb:hinge_bit') == false) || (query.block_property('fb:open_bit') == false && query.block_property('fb:upper_block_bit') == true && query.block_property('fb:hinge_bit') == true)"
				}
			},
			"minecraft:material_instances": {
				"*": {
					"texture": "black_door_bottom",
					"render_method": "blend",
					"face_dimming": true,
					"ambient_occlusion": false
				},
				"upper": {
					"texture": "black_door_top",
					"render_method": "blend",
					"face_dimming": true,
					"ambient_occlusion": false
				}
			},
			"minecraft:light_dampening": 0,
			"minecraft:destructible_by_mining": {
				"seconds_to_destroy": 0.5
			},
			"minecraft:loot": "loot_tables/empty.json",
			"minecraft:selection_box": {
				"origin": [
					-8,
					0,
					-8
				],
				"size": [
					16,
					16,
					3
				]
			},
			"minecraft:collision_box": {
				"origin": [
					-8,
					0,
					-8
				],
				"size": [
					16,
					16,
					3
				]
			},
			"minecraft:on_placed": {
				"event": "on_placed"
			},
			"tag:fb:black_door": {},
			"tag:wood": {}
		},
		"permutations": [
			{
				"condition": "query.block_property('minecraft:cardinal_direction') == 'north'",
				"components": {
					"minecraft:transformation": {
						"rotation": [
							0,
							180,
							0
						]
					}
				}
			},
			{
				"condition": "query.block_property('minecraft:cardinal_direction') == 'south'",
				"components": {
					"minecraft:transformation": {
						"rotation": [
							0,
							0,
							0
						]
					}
				}
			},
			{
				"condition": "query.block_property('minecraft:cardinal_direction') == 'west'",
				"components": {
					"minecraft:transformation": {
						"rotation": [
							0,
							270,
							0
						]
					}
				}
			},
			{
				"condition": "query.block_property('minecraft:cardinal_direction') == 'east'",
				"components": {
					"minecraft:transformation": {
						"rotation": [
							0,
							90,
							0
						]
					}
				}
			},
			{
				"condition": "query.block_property('fb:open_bit') == false",
				"components": {
					"minecraft:on_interact": {
						"event": "open"
					},
					"tag:fb:close_black_door": {}
				}
			},
			{
				"condition": "query.block_property('fb:open_bit') == true",
				"components": {
					"minecraft:on_interact": {
						"event": "close"
					},
					"tag:fb:open_black_door": {}
				}
			},
			{
				"condition": "query.block_property('fb:hinge_bit') == false",
				"components": {
					"tag:fb:left_black_door": {}
				}
			},
			{
				"condition": "query.block_property('fb:hinge_bit') == true",
				"components": {
					"tag:fb:right_black_door": {}
				}
			},
			{
				"condition": "query.block_property('fb:upper_block_bit') == false",
				"components": {
					"minecraft:placement_filter": {
						"conditions": [
							{
								"allowed_faces": [
									"up"
								]
							}
						]
					},
					"minecraft:queued_ticking": {
						"looping": true,
						"interval_range": [
							0,
							0
						],
						"on_tick": {
							"event": "checker"
						}
					},
					"minecraft:loot": "loot_tables/blocks/black_door.json",
					"tag:fb:lower_black_door": {}
				}
			},
			{
				"condition": "query.block_property('fb:upper_block_bit') == true",
				"components": {
					"minecraft:placement_filter": {
						"conditions": [
							{
								"allowed_faces": [
									"up"
								],
								"block_filter": [
									"fb:black_door"
								]
							}
						]
					},
					"minecraft:loot": "loot_tables/empty.json",
					"tag:fb:upper_black_door": {}
				}
			},
			{
				"condition": "query.block_property('fb:hinge_bit') == false && query.block_property('fb:open_bit') == true && query.block_property('minecraft:cardinal_direction') == 'north'",
				"components": {
					"minecraft:transformation": {
						"rotation": [
							0,
							90,
							0
						]
					}
				}
			},
			{
				"condition": "query.block_property('fb:hinge_bit') == false && query.block_property('fb:open_bit') == true && query.block_property('minecraft:cardinal_direction') == 'south'",
				"components": {
					"minecraft:transformation": {
						"rotation": [
							0,
							-90,
							0
						]
					}
				}
			},
			{
				"condition": "query.block_property('fb:hinge_bit') == false && query.block_property('fb:open_bit') == true && query.block_property('minecraft:cardinal_direction') == 'west'",
				"components": {
					"minecraft:transformation": {
						"rotation": [
							0,
							180,
							0
						]
					}
				}
			},
			{
				"condition": "query.block_property('fb:hinge_bit') == false && query.block_property('fb:open_bit') == true && query.block_property('minecraft:cardinal_direction') == 'east'",
				"components": {
					"minecraft:transformation": {
						"rotation": [
							0,
							0,
							0
						]
					}
				}
			},
			{
				"condition": "query.block_property('fb:hinge_bit') == true && query.block_property('fb:open_bit') == true && query.block_property('minecraft:cardinal_direction') == 'north'",
				"components": {
					"minecraft:transformation": {
						"rotation": [
							0,
							-90,
							0
						]
					}
				}
			},
			{
				"condition": "query.block_property('fb:hinge_bit') == true && query.block_property('fb:open_bit') == true && query.block_property('minecraft:cardinal_direction') == 'south'",
				"components": {
					"minecraft:transformation": {
						"rotation": [
							0,
							90,
							0
						]
					}
				}
			},
			{
				"condition": "query.block_property('fb:hinge_bit') == true && query.block_property('fb:open_bit') == true && query.block_property('minecraft:cardinal_direction') == 'west'",
				"components": {
					"minecraft:transformation": {
						"rotation": [
							0,
							0,
							0
						]
					}
				}
			},
			{
				"condition": "query.block_property('fb:hinge_bit') == true && query.block_property('fb:open_bit') == true && query.block_property('minecraft:cardinal_direction') == 'east'",
				"components": {
					"minecraft:transformation": {
						"rotation": [
							0,
							180,
							0
						]
					}
				}
			}
		],
		"events": {
			"on_placed": {
				"sequence": [
					{
						"condition": "query.block_property('fb:upper_block_bit')==false",
						"trigger": "upper_block"
					},
					{
						"sequence": [
							{
								"condition": "query.block_property('minecraft:cardinal_direction')=='north'&&query.block_neighbor_has_any_tag(-1,0,0,'fb:black_door')&&!query.block_neighbor_has_any_tag(1,0,0,'fb:right_black_door')",
								"set_block_property": {
									"fb:hinge_bit": true
								}
							},
							{
								"condition": "query.block_property('minecraft:cardinal_direction')=='south'&&query.block_neighbor_has_any_tag(1,0,0,'fb:black_door')&&!query.block_neighbor_has_any_tag(-1,0,0,'fb:right_black_door')",
								"set_block_property": {
									"fb:hinge_bit": true
								}
							},
							{
								"condition": "query.block_property('minecraft:cardinal_direction')=='west'&&query.block_neighbor_has_any_tag(0,0,1,'fb:black_door')&&!query.block_neighbor_has_any_tag(0,0,-1,'fb:right_black_door')",
								"set_block_property": {
									"fb:hinge_bit": true
								}
							},
							{
								"condition": "(query.block_property('minecraft:cardinal_direction')=='east'&&query.block_neighbor_has_any_tag(0,0,-1,'fb:black_door')&&!query.block_neighbor_has_any_tag(0,0,1,'fb:right_black_door'))||(query.block_neighbor_has_any_tag(0,-1,0,'fb:right_black_door')&&query.block_property('fb:upper_block_bit')==true)",
								"set_block_property": {
									"fb:hinge_bit": true
								}
							}
						]
					}
				]
			},
			"open": {
				"sequence": [
					{
						"run_command": {
							"command": [
								"playsound open.wooden_door @a ~ ~ ~"
							]
						}
					},
					{
						"sequence": [
							{
								"condition": "q.block_property('fb:upper_block_bit')==false&&q.block_property('minecraft:cardinal_direction')=='north'",
								"set_block_property": {
									"fb:open_bit": true
								},
								"run_command": {
									"command": [
										"setblock ~ ~1 ~ fb:black_door[\"minecraft:cardinal_direction\":\"north\",\"fb:upper_block_bit\":true,\"fb:open_bit\":true]"
									]
								}
							}
						]
					},
					{
						"sequence": [
							{
								"condition": "q.block_property('fb:upper_block_bit')==true&&q.block_property('minecraft:cardinal_direction')=='north'",
								"set_block_property": {
									"fb:open_bit": true
								},
								"run_command": {
									"command": [
										"setblock ~ ~-1 ~ fb:black_door[\"minecraft:cardinal_direction\":\"north\",\"fb:upper_block_bit\":false,\"fb:open_bit\":true]"
									]
								}
							}
						]
					},
					{
						"sequence": [
							{
								"condition": "q.block_property('fb:upper_block_bit')==false&&q.block_property('minecraft:cardinal_direction')=='south'",
								"set_block_property": {
									"fb:open_bit": true
								},
								"run_command": {
									"command": [
										"setblock ~ ~1 ~ fb:black_door[\"minecraft:cardinal_direction\":\"south\",\"fb:upper_block_bit\":true,\"fb:open_bit\":true]"
									]
								}
							}
						]
					},
					{
						"sequence": [
							{
								"condition": "q.block_property('fb:upper_block_bit')==true&&q.block_property('minecraft:cardinal_direction')=='south'",
								"set_block_property": {
									"fb:open_bit": true
								},
								"run_command": {
									"command": [
										"setblock ~ ~-1 ~ fb:black_door[\"minecraft:cardinal_direction\":\"south\",\"fb:upper_block_bit\":false,\"fb:open_bit\":true]"
									]
								}
							}
						]
					},
					{
						"sequence": [
							{
								"condition": "q.block_property('fb:upper_block_bit')==false&&q.block_property('minecraft:cardinal_direction')=='west'",
								"set_block_property": {
									"fb:open_bit": true
								},
								"run_command": {
									"command": [
										"setblock ~ ~1 ~ fb:black_door[\"minecraft:cardinal_direction\":\"west\",\"fb:upper_block_bit\":true,\"fb:open_bit\":true]"
									]
								}
							}
						]
					},
					{
						"sequence": [
							{
								"condition": "q.block_property('fb:upper_block_bit')==true&&q.block_property('minecraft:cardinal_direction')=='west'",
								"set_block_property": {
									"fb:open_bit": true
								},
								"run_command": {
									"command": [
										"setblock ~ ~-1 ~ fb:black_door[\"minecraft:cardinal_direction\":\"west\",\"fb:upper_block_bit\":false,\"fb:open_bit\":true]"
									]
								}
							}
						]
					},
					{
						"sequence": [
							{
								"condition": "q.block_property('fb:upper_block_bit')==false&&q.block_property('minecraft:cardinal_direction')=='east'",
								"set_block_property": {
									"fb:open_bit": true
								},
								"run_command": {
									"command": [
										"setblock ~ ~1 ~ fb:black_door[\"minecraft:cardinal_direction\":\"east\",\"fb:upper_block_bit\":true,\"fb:open_bit\":true]"
									]
								}
							}
						]
					},
					{
						"sequence": [
							{
								"condition": "q.block_property('fb:upper_block_bit')==true&&q.block_property('minecraft:cardinal_direction')=='east'",
								"set_block_property": {
									"fb:open_bit": true
								},
								"run_command": {
									"command": [
										"setblock ~ ~-1 ~ fb:black_door[\"minecraft:cardinal_direction\":\"east\",\"fb:upper_block_bit\":false,\"fb:open_bit\":true]"
									]
								}
							}
						]
					}
				]
			},
			"close": {
				"sequence": [
					{
						"run_command": {
							"command": [
								"playsound close.wooden_door @a ~ ~ ~"
							]
						}
					},
					{
						"sequence": [
							{
								"condition": "q.block_property('fb:upper_block_bit')==false&&q.block_property('minecraft:cardinal_direction')=='north'",
								"set_block_property": {
									"fb:open_bit": false
								},
								"run_command": {
									"command": [
										"setblock ~ ~1 ~ fb:black_door[\"minecraft:cardinal_direction\":\"north\",\"fb:upper_block_bit\":true,\"fb:open_bit\":false]"
									]
								}
							}
						]
					},
					{
						"sequence": [
							{
								"condition": "q.block_property('fb:upper_block_bit')==true&&q.block_property('minecraft:cardinal_direction')=='north'",
								"set_block_property": {
									"fb:open_bit": false
								},
								"run_command": {
									"command": [
										"setblock ~ ~-1 ~ fb:black_door[\"minecraft:cardinal_direction\":\"north\",\"fb:upper_block_bit\":false,\"fb:open_bit\":false]"
									]
								}
							}
						]
					},
					{
						"sequence": [
							{
								"condition": "q.block_property('fb:upper_block_bit')==false&&q.block_property('minecraft:cardinal_direction')=='south'",
								"set_block_property": {
									"fb:open_bit": false
								},
								"run_command": {
									"command": [
										"setblock ~ ~1 ~ fb:black_door[\"minecraft:cardinal_direction\":\"south\",\"fb:upper_block_bit\":true,\"fb:open_bit\":false]"
									]
								}
							}
						]
					},
					{
						"sequence": [
							{
								"condition": "q.block_property('fb:upper_block_bit')==true&&q.block_property('minecraft:cardinal_direction')=='south'",
								"set_block_property": {
									"fb:open_bit": false
								},
								"run_command": {
									"command": [
										"setblock ~ ~-1 ~ fb:black_door[\"minecraft:cardinal_direction\":\"south\",\"fb:upper_block_bit\":false,\"fb:open_bit\":false]"
									]
								}
							}
						]
					},
					{
						"sequence": [
							{
								"condition": "q.block_property('fb:upper_block_bit')==false&&q.block_property('minecraft:cardinal_direction')=='west'",
								"set_block_property": {
									"fb:open_bit": false
								},
								"run_command": {
									"command": [
										"setblock ~ ~1 ~ fb:black_door[\"minecraft:cardinal_direction\":\"west\",\"fb:upper_block_bit\":true,\"fb:open_bit\":false]"
									]
								}
							}
						]
					},
					{
						"sequence": [
							{
								"condition": "q.block_property('fb:upper_block_bit')==true&&q.block_property('minecraft:cardinal_direction')=='west'",
								"set_block_property": {
									"fb:open_bit": false
								},
								"run_command": {
									"command": [
										"setblock ~ ~-1 ~ fb:black_door[\"minecraft:cardinal_direction\":\"west\",\"fb:upper_block_bit\":false,\"fb:open_bit\":false]"
									]
								}
							}
						]
					},
					{
						"sequence": [
							{
								"condition": "q.block_property('fb:upper_block_bit')==false&&q.block_property('minecraft:cardinal_direction')=='east'",
								"set_block_property": {
									"fb:open_bit": false
								},
								"run_command": {
									"command": [
										"setblock ~ ~1 ~ fb:black_door[\"minecraft:cardinal_direction\":\"east\",\"fb:upper_block_bit\":true,\"fb:open_bit\":false]"
									]
								}
							}
						]
					},
					{
						"sequence": [
							{
								"condition": "q.block_property('fb:upper_block_bit')==true&&q.block_property('minecraft:cardinal_direction')=='east'",
								"set_block_property": {
									"fb:open_bit": false
								},
								"run_command": {
									"command": [
										"setblock ~ ~-1 ~ fb:black_door[\"minecraft:cardinal_direction\":\"east\",\"fb:upper_block_bit\":false,\"fb:open_bit\":false]"
									]
								}
							}
						]
					}
				]
			},
			"upper_block": {
				"sequence": [
					{
						"condition": "query.block_property('minecraft:cardinal_direction')=='north'",
						"run_command": {
							"command": [
								"fill ~ ~1 ~ ~ ~1 ~ fb:black_door[\"minecraft:cardinal_direction\":\"north\",\"fb:upper_block_bit\":true] replace air",
								"fill ~ ~1 ~ ~ ~1 ~ fb:black_door[\"minecraft:cardinal_direction\":\"north\",\"fb:upper_block_bit\":true] replace water",
								"fill ~ ~1 ~ ~ ~1 ~ fb:black_door[\"minecraft:cardinal_direction\":\"north\",\"fb:upper_block_bit\":true] replace flowing_water",
								"fill ~ ~1 ~ ~ ~1 ~ fb:black_door[\"minecraft:cardinal_direction\":\"north\",\"fb:upper_block_bit\":true] replace lava",
								"fill ~ ~1 ~ ~ ~1 ~ fb:black_door[\"minecraft:cardinal_direction\":\"north\",\"fb:upper_block_bit\":true] replace flowing_lava",
								"fill ~ ~1 ~ ~ ~1 ~ fb:black_door[\"minecraft:cardinal_direction\":\"north\",\"fb:upper_block_bit\":true] replace seagrass",
								"fill ~ ~1 ~ ~ ~1 ~ fb:black_door[\"minecraft:cardinal_direction\":\"north\",\"fb:upper_block_bit\":true] replace double_plant",
								"fill ~ ~1 ~ ~ ~1 ~ fb:black_door[\"minecraft:cardinal_direction\":\"north\",\"fb:upper_block_bit\":true] replace vine"
							]
						}
					},
					{
						"condition": "query.block_property('minecraft:cardinal_direction')=='south'",
						"run_command": {
							"command": [
								"fill ~ ~1 ~ ~ ~1 ~ fb:black_door[\"minecraft:cardinal_direction\":\"south\",\"fb:upper_block_bit\":true] replace air",
								"fill ~ ~1 ~ ~ ~1 ~ fb:black_door[\"minecraft:cardinal_direction\":\"south\",\"fb:upper_block_bit\":true] replace water",
								"fill ~ ~1 ~ ~ ~1 ~ fb:black_door[\"minecraft:cardinal_direction\":\"south\",\"fb:upper_block_bit\":true] replace flowing_water",
								"fill ~ ~1 ~ ~ ~1 ~ fb:black_door[\"minecraft:cardinal_direction\":\"south\",\"fb:upper_block_bit\":true] replace lava",
								"fill ~ ~1 ~ ~ ~1 ~ fb:black_door[\"minecraft:cardinal_direction\":\"south\",\"fb:upper_block_bit\":true] replace flowing_lava",
								"fill ~ ~1 ~ ~ ~1 ~ fb:black_door[\"minecraft:cardinal_direction\":\"south\",\"fb:upper_block_bit\":true] replace seagrass",
								"fill ~ ~1 ~ ~ ~1 ~ fb:black_door[\"minecraft:cardinal_direction\":\"south\",\"fb:upper_block_bit\":true] replace double_plant",
								"fill ~ ~1 ~ ~ ~1 ~ fb:black_door[\"minecraft:cardinal_direction\":\"south\",\"fb:upper_block_bit\":true] replace vine"
							]
						}
					},
					{
						"condition": "query.block_property('minecraft:cardinal_direction')=='west'",
						"run_command": {
							"command": [
								"fill ~ ~1 ~ ~ ~1 ~ fb:black_door[\"minecraft:cardinal_direction\":\"west\",\"fb:upper_block_bit\":true] replace air",
								"fill ~ ~1 ~ ~ ~1 ~ fb:black_door[\"minecraft:cardinal_direction\":\"west\",\"fb:upper_block_bit\":true] replace water",
								"fill ~ ~1 ~ ~ ~1 ~ fb:black_door[\"minecraft:cardinal_direction\":\"west\",\"fb:upper_block_bit\":true] replace flowing_water",
								"fill ~ ~1 ~ ~ ~1 ~ fb:black_door[\"minecraft:cardinal_direction\":\"west\",\"fb:upper_block_bit\":true] replace lava",
								"fill ~ ~1 ~ ~ ~1 ~ fb:black_door[\"minecraft:cardinal_direction\":\"west\",\"fb:upper_block_bit\":true] replace flowing_lava",
								"fill ~ ~1 ~ ~ ~1 ~ fb:black_door[\"minecraft:cardinal_direction\":\"west\",\"fb:upper_block_bit\":true] replace seagrass",
								"fill ~ ~1 ~ ~ ~1 ~ fb:black_door[\"minecraft:cardinal_direction\":\"west\",\"fb:upper_block_bit\":true] replace double_plant",
								"fill ~ ~1 ~ ~ ~1 ~ fb:black_door[\"minecraft:cardinal_direction\":\"west\",\"fb:upper_block_bit\":true] replace vine"
							]
						}
					},
					{
						"condition": "query.block_property('minecraft:cardinal_direction')=='east'",
						"run_command": {
							"command": [
								"fill ~ ~1 ~ ~ ~1 ~ fb:black_door[\"minecraft:cardinal_direction\":\"east\",\"fb:upper_block_bit\":true] replace air",
								"fill ~ ~1 ~ ~ ~1 ~ fb:black_door[\"minecraft:cardinal_direction\":\"east\",\"fb:upper_block_bit\":true] replace water",
								"fill ~ ~1 ~ ~ ~1 ~ fb:black_door[\"minecraft:cardinal_direction\":\"east\",\"fb:upper_block_bit\":true] replace flowing_water",
								"fill ~ ~1 ~ ~ ~1 ~ fb:black_door[\"minecraft:cardinal_direction\":\"east\",\"fb:upper_block_bit\":true] replace lava",
								"fill ~ ~1 ~ ~ ~1 ~ fb:black_door[\"minecraft:cardinal_direction\":\"east\",\"fb:upper_block_bit\":true] replace flowing_lava",
								"fill ~ ~1 ~ ~ ~1 ~ fb:black_door[\"minecraft:cardinal_direction\":\"east\",\"fb:upper_block_bit\":true] replace seagrass",
								"fill ~ ~1 ~ ~ ~1 ~ fb:black_door[\"minecraft:cardinal_direction\":\"east\",\"fb:upper_block_bit\":true] replace double_plant",
								"fill ~ ~1 ~ ~ ~1 ~ fb:black_door[\"minecraft:cardinal_direction\":\"east\",\"fb:upper_block_bit\":true] replace vine"
							]
						}
					}
				]
			},
			"checker": {
				"sequence": [
					{
						"condition": "query.block_neighbor_has_any_tag(0,1,0,'fb:right_black_door')",
						"set_block_property": {
							"fb:hinge_bit": true
						}
					},
					{
						"condition": "!query.block_neighbor_has_any_tag(0,1,0,'fb:upper_black_door')",
						"die": {}
					}
				]
			}
		}
	}
}